"country","date_key","sport","events_count","gold","silver","bronze","total_medals","medals_per_event"
"USA",1904,"Athletics","24","22","22","21","65","2.71"
"USA",1968,"Swimming","29","21","15","16","52","1.79"
"USA",1984,"Swimming","25","20","13","0","33","1.32"
"USA",1972,"Swimming","26","17","14","12","43","1.65"
"USA",2016,"Swimming","29","16","8","9","33","1.14"
"USA",1984,"Athletics","26","16","15","9","40","1.54"
"USA",1956,"Athletics","18","16","10","5","31","1.72"
"USA",1912,"Athletics","21","16","13","12","41","1.95"
"USA",1932,"Athletics","22","16","13","6","35","1.59"
"USA",2012,"Swimming","27","16","9","6","31","1.15"
"USA",1908,"Athletics","19","15","10","8","33","1.74"
"USA",1968,"Athletics","19","15","6","7","28","1.47"
"USA",1952,"Athletics","18","15","10","6","31","1.72"
"Russia",1980,"Athletics","29","15","14","12","41","1.41"
"Germany",1972,"Athletics","23","14","10","7","31","1.35"
"USA",1964,"Athletics","17","14","7","3","24","1.41"
"USA",1936,"Athletics","16","14","7","4","25","1.56"
"USA",1976,"Swimming","19","13","14","7","34","1.79"
"USA",1988,"Athletics","17","13","7","6","26","1.53"
"USA",1920,"Shooting","17","13","4","6","23","1.35"
"USA",2016,"Athletics","26","13","10","9","32","1.23"
"USA",1964,"Swimming","18","13","8","8","29","1.61"
"USA",2000,"Swimming","25","13","8","10","31","1.24"
"USA",1996,"Athletics","17","13","5","5","23","1.35"
"USA",1996,"Swimming","22","13","11","2","26","1.18"
"USA",1924,"Athletics","21","12","10","10","32","1.52"
"Germany",1988,"Swimming","22","12","9","10","31","1.41"
"USA",2008,"Swimming","25","12","9","10","31","1.24"
"USA",1948,"Athletics","18","12","5","10","27","1.50"
"USA",1960,"Athletics","16","12","8","6","26","1.63"
"Russia",1976,"Wrestling","18","12","5","1","18","1.00"
"USA",2004,"Swimming","25","12","9","7","28","1.12"
"Germany",1980,"Swimming","16","12","10","8","30","1.88"
"Germany",1976,"Athletics","24","12","11","13","36","1.50"
"Russia",1980,"Wrestling","17","12","3","2","17","1.00"
"USA",1992,"Athletics","22","12","8","10","30","1.36"
"USA",1992,"Swimming","25","11","9","7","27","1.08"
"Germany",1980,"Athletics","24","11","8","10","29","1.21"
"Russia",1956,"Gymnastics","15","11","6","6","23","1.53"
"Germany",1980,"Rowing","14","11","1","2","14","1.00"
"Russia",1960,"Athletics","16","11","5","5","21","1.31"
"Germany",1976,"Swimming","15","11","6","4","21","1.40"
"USA",1904,"Gymnastics","10","10","8","10","28","2.80"
"Finland",1924,"Athletics","13","10","5","2","17","1.31"
"Russia",1988,"Athletics","17","10","6","10","26","1.53"
"Russia",1960,"Gymnastics","14","10","8","8","26","1.86"
"Russia",1988,"Gymnastics","13","10","5","3","18","1.38"
"Russia",1972,"Athletics","15","9","7","1","17","1.13"
"Germany",1988,"Rowing","11","9","2","2","13","1.18"
"Russia",1972,"Wrestling","14","9","4","1","14","1.00"
"USA",1928,"Athletics","17","9","8","8","25","1.47"
"USA",1960,"Swimming","13","9","3","3","15","1.15"
"Russia",1980,"Gymnastics","14","9","8","5","22","1.57"
"USA",2012,"Athletics","21","9","12","7","28","1.33"
"USA",1984,"Boxing","11","9","1","1","11","1.00"
"Germany",1976,"Rowing","14","9","4","5","18","1.29"
"Russia",1992,"Gymnastics","14","9","5","4","18","1.29"
"Finland",1920,"Athletics","10","9","4","3","16","1.60"
"Russia",1952,"Gymnastics","13","9","10","2","21","1.62"
"USA",2004,"Athletics","17","9","11","5","25","1.47"
"USA",1984,"Wrestling","13","9","3","1","13","1.00"
"USA",1924,"Swimming","10","9","5","5","19","1.90"
"USA",1920,"Athletics","20","9","12","8","29","1.45"
"China",2008,"Gymnastics","12","9","1","4","14","1.17"
"Japan",2004,"Judo","10","8","2","0","10","1.00"
"Russia",1980,"Swimming","13","8","9","5","22","1.69"
"USA",1988,"Swimming","16","8","6","4","18","1.13"
"Russia",2012,"Athletics","15","8","5","5","18","1.20"
"UK",2008,"Cycling","10","8","4","2","14","1.40"
"UK",2012,"Cycling","11","8","2","2","12","1.09"
"China",2008,"Weightlifting","9","8","1","0","9","1.00"
"Australia",1956,"Swimming","8","8","4","2","14","1.75"
"Russia",1988,"Wrestling","15","8","4","3","15","1.00"
"USA",1948,"Swimming","10","8","6","1","15","1.50"
"Belgium",1920,"Archery","10","8","4","2","14","1.40"
"USA",1920,"Swimming","8","8","5","3","16","2.00"
"Cuba",1992,"Boxing","9","7","2","0","9","1.00"
"UK",1908,"Athletics","11","7","7","3","17","1.55"
"USA",2000,"Athletics","12","7","4","5","16","1.33"
"Russia",1976,"Weightlifting","8","7","1","0","8","1.00"
"Australia",2004,"Swimming","13","7","5","3","15","1.15"
"China",2016,"Diving","8","7","2","1","10","1.25"
"China",2008,"Diving","8","7","1","3","11","1.38"
"USA",2008,"Athletics","17","7","10","6","23","1.35"
"Sweden",1912,"Shooting","11","7","6","4","17","1.55"
"Russia",1976,"Gymnastics","12","7","8","2","17","1.42"
"Russia",1992,"Athletics","17","7","11","3","21","1.24"
"Turkey",1960,"Wrestling","9","7","2","0","9","1.00"
"USA",1904,"Boxing","7","7","7","4","18","2.57"
"USA",1904,"Cycling","7","7","7","7","21","3.00"
"Germany",1992,"Canoeing","11","7","2","2","11","1.00"
"USA",1912,"Shooting","12","7","4","3","14","1.17"
"Russia",1976,"Canoeing","9","6","3","0","9","1.00"
"Japan",1968,"Gymnastics","7","6","2","4","12","1.71"
"Russia",1972,"Gymnastics","11","6","6","4","16","1.45"
"Russia",1972,"Canoeing","6","6","0","0","6","1.00"
"UK",1908,"Tennis","6","6","5","4","15","2.50"
"UK",1908,"Shooting","12","6","7","8","21","1.75"
"Jamaica",2016,"Athletics","10","6","3","2","11","1.10"
"Russia",2008,"Wrestling","11","6","3","2","11","1.00"
"Germany",1988,"Athletics","22","6","12","13","31","1.41"
"Australia",2008,"Swimming","19","6","6","8","20","1.05"
"Russia",2008,"Athletics","14","6","5","6","17","1.21"
"USA",1976,"Athletics","17","6","8","8","22","1.29"
"Finland",1912,"Athletics","9","6","4","3","13","1.44"
"Sweden",1932,"Wrestling","10","6","1","3","10","1.00"
"USA",1972,"Athletics","18","6","8","8","22","1.22"
"Australia",1972,"Swimming","10","6","2","2","10","1.00"
"Germany",1936,"Gymnastics","9","6","1","6","13","1.44"
"Russia",2004,"Athletics","15","6","7","6","19","1.27"
"Russia",2000,"Wrestling","9","6","2","1","9","1.00"
"USA",1928,"Swimming","7","6","2","3","11","1.57"
"Romania",1984,"Rowing","8","6","2","0","8","1.00"
"China",2004,"Diving","7","6","2","1","9","1.29"
"Russia",1952,"Wrestling","10","6","2","2","10","1.00"
"USA",1904,"Archery","6","6","5","5","16","2.67"
"Kenya",2016,"Athletics","12","6","6","1","13","1.08"
"Kenya",2008,"Athletics","11","6","4","5","15","1.36"
"Russia",1992,"Wrestling","16","6","5","5","16","1.00"
"Russia",1992,"Swimming","10","6","3","1","10","1.00"
"Russia",1956,"Wrestling","13","6","2","5","13","1.00"
"Germany",1936,"Equestrianism","6","6","1","0","7","1.17"
"Cuba",1980,"Boxing","10","6","2","2","10","1.00"
"Russia",1988,"Weightlifting","7","6","2","0","8","1.14"
"UK",2016,"Cycling","10","6","4","2","12","1.20"
"Australia",2004,"Cycling","10","6","2","3","11","1.10"
"China",2012,"Diving","8","6","3","1","10","1.25"
"Turkey",1948,"Wrestling","11","6","4","1","11","1.00"
"Russia",1992,"Shooting","8","5","2","1","8","1.00"
"Japan",1964,"Gymnastics","8","5","4","1","10","1.25"
"USA",1924,"Shooting","8","5","2","2","9","1.13"
"USA",1924,"Tennis","5","5","1","0","6","1.20"
"China",2016,"Weightlifting","7","5","2","0","7","1.00"
"USA",1932,"Gymnastics","8","5","6","5","16","2.00"
"Japan",1964,"Wrestling","6","5","0","1","6","1.00"
"Germany",1996,"Canoeing","8","5","2","2","9","1.13"
"China",2012,"Weightlifting","6","5","2","0","7","1.17"
"France",1996,"Cycling","9","5","3","1","9","1.00"
"Australia",1960,"Swimming","11","5","5","3","13","1.18"
"USA",1932,"Swimming","8","5","2","3","10","1.25"
"USA",1952,"Boxing","5","5","0","0","5","1.00"
"China",2008,"Shooting","8","5","2","1","8","1.00"
"Germany",1936,"Athletics","12","5","4","7","16","1.33"
"Italy",1960,"Cycling","6","5","1","1","7","1.17"
"Italy",1920,"Fencing","5","5","1","0","6","1.20"
"Russia",2004,"Wrestling","10","5","2","3","10","1.00"
"China",2000,"Weightlifting","6","5","1","1","7","1.17"
"China",2012,"Swimming","9","5","2","3","10","1.11"
"USA",1976,"Boxing","7","5","1","1","7","1.00"
"France",2000,"Cycling","8","5","2","1","8","1.00"
"Sweden",1948,"Athletics","9","5","3","5","13","1.44"
"Russia",1980,"Weightlifting","8","5","3","0","8","1.00"
"China",2004,"Weightlifting","7","5","3","0","8","1.14"
"USA",1984,"Gymnastics","12","5","5","6","16","1.33"
"China",1984,"Gymnastics","9","5","4","2","11","1.22"
"Cuba",2004,"Boxing","8","5","2","1","8","1.00"
"Russia",1960,"Weightlifting","5","5","1","0","6","1.20"
"Germany",1936,"Art Competitions","9","5","5","2","12","1.33"
"Germany",1936,"Rowing","7","5","1","1","7","1.00"
"Russia",1964,"Athletics","15","5","2","11","18","1.20"
"Sweden",1948,"Wrestling","13","5","5","3","13","1.00"
"Japan",1972,"Gymnastics","7","5","5","6","16","2.29"
"China",2000,"Diving","8","5","5","0","10","1.25"
"Norway",1920,"Shooting","9","5","2","4","11","1.22"
"Finland",1928,"Athletics","8","5","5","4","14","1.75"
"Finland",1920,"Wrestling","7","5","5","2","12","1.71"
"Jamaica",2008,"Athletics","7","5","2","2","9","1.29"
"Russia",1968,"Gymnastics","13","5","5","8","18","1.38"
"USA",1904,"Rowing","5","5","4","4","13","2.60"
"USA",1904,"Wrestling","7","5","6","6","17","2.43"
"Russia",1956,"Athletics","16","5","7","10","22","1.38"
"Netherlands",2000,"Swimming","8","5","1","2","8","1.00"
"UK",1908,"Boxing","5","5","4","5","14","2.80"
"Australia",2000,"Swimming","15","5","9","4","18","1.20"
"China",2012,"Badminton","5","5","2","1","8","1.60"
"Switzerland",1928,"Gymnastics","6","5","2","2","9","1.50"
"UK",1908,"Cycling","6","5","3","1","9","1.50"
"Hungary",1992,"Swimming","7","5","3","1","9","1.29"
"Russia",2000,"Gymnastics","12","5","5","5","15","1.25"
"Russia",1992,"Weightlifting","6","5","4","0","9","1.50"
"Japan",1932,"Swimming","7","5","5","2","12","1.71"
"USA",1924,"Wrestling","5","4","1","1","6","1.20"
"China",2000,"Badminton","4","4","1","3","8","2.00"
"Canada",1984,"Swimming","10","4","3","3","10","1.00"
"Germany",1992,"Athletics","9","4","1","5","10","1.11"
"Germany",1992,"Cycling","6","4","2","0","6","1.00"
"Germany",1972,"Canoeing","6","4","4","3","11","1.83"
"Romania",2004,"Gymnastics","8","4","3","3","10","1.25"
"China",2000,"Table Tennis","4","4","3","1","8","2.00"
"Germany",1992,"Rowing","10","4","3","3","10","1.00"
"Italy",1996,"Cycling","5","4","1","0","5","1.00"
"Australia",1956,"Athletics","9","4","2","6","12","1.33"
"Czech Republic",1952,"Athletics","5","4","1","0","5","1.00"
"Germany",1972,"Rowing","7","4","1","4","9","1.29"
"Germany",1996,"Equestrianism","4","4","0","0","4","1.00"
"Cuba",2000,"Boxing","6","4","0","2","6","1.00"
"Hungary",1988,"Swimming","6","4","2","0","6","1.00"
"China",2004,"Shooting","8","4","2","3","9","1.13"
"New Zealand",1984,"Canoeing","4","4","0","0","4","1.00"
"Hungary",2000,"Canoeing","7","4","2","1","7","1.00"
"Italy",2016,"Shooting","6","4","3","0","7","1.17"
"Canada",1992,"Rowing","5","4","0","1","5","1.00"
"Russia",1964,"Gymnastics","13","4","9","5","18","1.38"
"Poland",2000,"Athletics","4","4","0","0","4","1.00"
"Russia",1964,"Weightlifting","6","4","3","0","7","1.17"
"Jamaica",2012,"Athletics","8","4","4","4","12","1.50"
"Germany",2000,"Canoeing","8","4","1","3","8","1.00"
"UK",1908,"Rowing","4","4","3","1","8","2.00"
"UK",1908,"Sailing","4","4","1","1","6","1.50"
"UK",1908,"Swimming","5","4","2","1","7","1.40"
"Japan",1936,"Swimming","7","4","2","5","11","1.57"
"UK",1920,"Athletics","11","4","4","4","12","1.09"
"Japan",1960,"Gymnastics","8","4","2","3","9","1.13"
"Cuba",1996,"Boxing","7","4","3","0","7","1.00"
"Japan",1968,"Wrestling","5","4","1","0","5","1.00"
"China",2008,"Table Tennis","4","4","2","2","8","2.00"
"Japan",1984,"Judo","5","4","0","1","5","1.00"
"Russia",1976,"Athletics","14","4","4","10","18","1.29"
"UK",1964,"Athletics","12","4","7","1","12","1.00"
"France",1924,"Cycling","4","4","0","2","6","1.50"
"Australia",1964,"Swimming","8","4","1","4","9","1.13"
"South Korea",2008,"Taekwondo","4","4","0","0","4","1.00"
"UK",1980,"Athletics","8","4","2","4","10","1.25"
"Germany",2004,"Canoeing","9","4","4","1","9","1.00"
"Japan",2000,"Judo","8","4","2","2","8","1.00"
"Russia",1980,"Canoeing","8","4","2","2","8","1.00"
"South Korea",2016,"Archery","4","4","0","1","5","1.25"
"China",2012,"Gymnastics","7","4","3","1","8","1.14"
"Japan",2008,"Judo","7","4","1","2","7","1.00"
"China",1984,"Weightlifting","4","4","2","0","6","1.50"
"Germany",1980,"Canoeing","8","4","1","3","8","1.00"
"Japan",2012,"Wrestling","6","4","0","2","6","1.00"
"UK",2008,"Sailing","6","4","1","1","6","1.00"
"China",2012,"Table Tennis","4","4","2","0","6","1.50"
"UK",2012,"Athletics","6","4","1","1","6","1.00"
"UK",2012,"Rowing","9","4","2","3","9","1.00"
"Russia",1988,"Cycling","7","4","1","2","7","1.00"
"Spain",1992,"Sailing","5","4","1","0","5","1.00"
"Japan",2016,"Wrestling","7","4","3","0","7","1.00"
"Russia",1988,"Shooting","9","4","1","6","11","1.22"
"Germany",1904,"Swimming","5","4","2","2","8","1.60"
"Kazakhstan",2012,"Weightlifting","4","4","0","0","4","1.00"
"Germany",1984,"Athletics","9","4","2","5","11","1.22"
"Russia",1996,"Fencing","6","4","2","1","7","1.17"
"Kenya",1988,"Athletics","6","4","2","1","7","1.17"
"Russia",1996,"Swimming","7","4","2","2","8","1.14"
"Ethiopia",2000,"Athletics","5","4","1","3","8","1.60"
"USA",1904,"Swimming","7","4","4","5","13","1.86"
"Russia",1996,"Wrestling","7","4","1","2","7","1.00"
"Ethiopia",2008,"Athletics","5","4","1","2","7","1.40"
"China",2016,"Table Tennis","4","4","2","0","6","1.50"
"USA",1924,"Diving","4","4","4","3","11","2.75"
"Sweden",1912,"Athletics","10","4","5","6","15","1.50"
"France",2012,"Swimming","7","4","2","1","7","1.00"
"Sweden",1912,"Equestrianism","4","4","1","1","6","1.50"
"USA",1928,"Diving","4","4","3","2","9","2.25"
"USA",1932,"Diving","4","4","4","4","12","3.00"
"France",1968,"Cycling","4","4","0","1","5","1.25"
"USA",1936,"Diving","4","4","4","2","10","2.50"
"Sweden",1920,"Equestrianism","6","4","2","3","9","1.50"
"USA",1948,"Diving","4","4","4","2","10","2.50"
"USA",1948,"Weightlifting","4","4","3","1","8","2.00"
"USA",1952,"Diving","4","4","2","3","9","2.25"
"USA",1952,"Swimming","8","4","2","3","9","1.13"
"USA",1952,"Weightlifting","5","4","2","0","6","1.20"
"USA",1956,"Weightlifting","6","4","2","1","7","1.17"
"Canada",1928,"Athletics","7","4","2","2","8","1.14"
"China",1992,"Swimming","8","4","5","0","9","1.13"
"France",1980,"Fencing","6","4","1","1","6","1.00"
"Sweden",1936,"Wrestling","9","4","3","2","9","1.00"
"USA",1984,"Cycling","6","4","3","2","9","1.50"
"Sweden",1948,"Canoeing","4","4","0","0","4","1.00"
"Netherlands",1936,"Swimming","4","4","1","0","5","1.25"
"Italy",1932,"Gymnastics","7","4","1","2","7","1.00"
"Sweden",1952,"Equestrianism","4","4","0","0","4","1.00"
"Italy",1936,"Fencing","6","4","3","2","9","1.50"
"Germany",2016,"Canoeing","7","4","2","1","7","1.00"
"Germany",1988,"Equestrianism","5","4","0","1","5","1.00"
"Hungary",1952,"Swimming","4","4","2","1","7","1.75"
"Norway",1920,"Sailing","5","4","3","1","8","1.60"
"Czech Republic",1968,"Gymnastics","6","4","2","0","6","1.00"
"Hungary",1956,"Gymnastics","7","4","2","1","7","1.00"
"Russia",2012,"Wrestling","11","4","2","5","11","1.00"
"Netherlands",1948,"Athletics","6","4","0","2","6","1.00"
"Russia",2016,"Fencing","6","4","1","2","7","1.17"
"Finland",1924,"Wrestling","10","4","7","5","16","1.60"
"Russia",2016,"Wrestling","9","4","3","2","9","1.00"
"USA",2016,"Gymnastics","9","4","6","2","12","1.33"
"Romania",1984,"Gymnastics","5","4","1","2","7","1.40"
"Hungary",1964,"Fencing","4","4","0","0","4","1.00"
"Finland",1948,"Gymnastics","6","4","2","2","8","1.33"
"Finland",1952,"Canoeing","6","4","1","1","6","1.00"
"Cuba",1904,"Fencing","4","4","0","0","4","1.00"
"China",1996,"Table Tennis","4","4","3","1","8","2.00"
"Sweden",2004,"Athletics","3","3","0","0","3","1.00"
"New Zealand",2012,"Rowing","5","3","0","2","5","1.00"
"Hungary",1936,"Fencing","3","3","0","1","4","1.33"
"Russia",1996,"Shooting","5","3","2","1","6","1.20"
"Ukraine",1996,"Gymnastics","5","3","1","1","5","1.00"
"Russia",1980,"Cycling","5","3","1","2","6","1.20"
"South Korea",2000,"Archery","3","3","1","1","5","1.67"
"USA",2012,"Tennis","4","3","0","1","4","1.00"
"Italy",2012,"Fencing","5","3","2","2","7","1.40"
"Germany",1976,"Sailing","5","3","0","2","5","1.00"
"Germany",1988,"Canoeing","9","3","4","2","9","1.00"
"France",2004,"Fencing","5","3","1","2","6","1.20"
"Iran",2012,"Wrestling","6","3","1","2","6","1.00"
"Sweden",1952,"Wrestling","8","3","4","1","8","1.00"
"France",1948,"Cycling","5","3","0","2","5","1.00"
"Russia",1980,"Equestrianism","6","3","3","2","8","1.33"
"Germany",1996,"Athletics","7","3","1","3","7","1.00"
"Russia",1956,"Boxing","6","3","1","2","6","1.00"
"Germany",1976,"Shooting","4","3","3","1","7","1.75"
"USA",1992,"Wrestling","8","3","3","2","8","1.00"
"Sweden",1920,"Wrestling","6","3","1","2","6","1.00"
"Romania",2000,"Rowing","3","3","0","0","3","1.00"
"Sweden",1956,"Equestrianism","3","3","0","0","3","1.00"
"Russia",1980,"Fencing","6","3","3","2","8","1.33"
"Denmark",1928,"Cycling","4","3","0","1","4","1.00"
"France",1948,"Fencing","3","3","1","0","4","1.33"
"Italy",1980,"Athletics","4","3","0","1","4","1.00"
"China",2004,"Table Tennis","4","3","2","2","7","1.75"
"China",2004,"Badminton","3","3","1","1","5","1.67"
"Romania",2000,"Gymnastics","5","3","2","1","6","1.20"
"Germany",1988,"Cycling","8","3","4","3","10","1.25"
"Finland",1972,"Athletics","4","3","0","1","4","1.00"
"Russia",1960,"Canoeing","4","3","1","0","4","1.00"
"Russia",2000,"Athletics","13","3","4","6","13","1.00"
"USA",1956,"Diving","4","3","4","2","9","2.25"
"Russia",1972,"Weightlifting","5","3","1","1","5","1.00"
"USA",1956,"Rowing","6","3","2","1","6","1.00"
"Japan",2004,"Swimming","8","3","1","4","8","1.00"
"Russia",2004,"Boxing","6","3","0","3","6","1.00"
"USA",1996,"Tennis","3","3","0","0","3","1.00"
"USA",1996,"Wrestling","8","3","4","1","8","1.00"
"Bulgaria",1964,"Wrestling","8","3","4","1","8","1.00"
"France",1924,"Fencing","5","3","3","0","6","1.20"
"Germany",1988,"Fencing","6","3","4","1","8","1.33"
"Russia",1960,"Wrestling","10","3","2","5","10","1.00"
"USA",2012,"Gymnastics","6","3","1","2","6","1.00"
"Russia",2004,"Cycling","5","3","1","1","5","1.00"
"USA",1960,"Boxing","4","3","0","1","4","1.00"
"Russia",2012,"Judo","5","3","1","1","5","1.00"
"USA",1908,"Shooting","6","3","2","1","6","1.00"
"Hungary",1936,"Wrestling","4","3","0","1","4","1.00"
"Japan",1996,"Judo","8","3","4","1","8","1.00"
"Romania",1984,"Athletics","7","3","3","4","10","1.43"
"Switzerland",1948,"Gymnastics","5","3","4","1","8","1.60"
"Germany",2008,"Equestrianism","4","3","1","1","5","1.25"
"Russia",1952,"Weightlifting","5","3","3","1","7","1.40"
"Italy",1952,"Fencing","6","3","4","1","8","1.33"
"Germany",1992,"Equestrianism","5","3","2","2","7","1.40"
"Romania",1976,"Gymnastics","6","3","2","3","8","1.33"
"UK",2012,"Boxing","5","3","1","1","5","1.00"
"Germany",1968,"Athletics","11","3","7","4","14","1.27"
"Japan",1976,"Gymnastics","6","3","4","3","10","1.67"
"Russia",1964,"Fencing","5","3","1","2","6","1.20"
"USA",1960,"Wrestling","3","3","0","0","3","1.00"
"Poland",1996,"Wrestling","5","3","1","1","5","1.00"
"Germany",1972,"Gymnastics","7","3","4","2","9","1.29"
"Italy",1924,"Weightlifting","3","3","0","0","3","1.00"
"UK",2012,"Equestrianism","4","3","1","1","5","1.25"
"France",1996,"Athletics","4","3","0","1","4","1.00"
"USA",1964,"Diving","4","3","2","3","8","2.00"
"USA",1920,"Boxing","4","3","0","1","4","1.00"
"Italy",1956,"Cycling","5","3","1","1","5","1.00"
"USA",1920,"Diving","3","3","2","3","8","2.67"
"Russia",2004,"Shooting","7","3","4","3","10","1.43"
"Russia",1988,"Canoeing","6","3","3","0","6","1.00"
"Czech Republic",1948,"Canoeing","4","3","1","0","4","1.00"
"South Korea",2012,"Archery","4","3","0","1","4","1.00"
"Germany",2016,"Shooting","4","3","1","0","4","1.00"
"Italy",1984,"Fencing","6","3","1","3","7","1.17"
"Italy",1956,"Fencing","4","3","2","2","7","1.75"
"Japan",2016,"Judo","12","3","1","8","12","1.00"
"China",2008,"Badminton","5","3","2","3","8","1.60"
"Sweden",1928,"Wrestling","4","3","1","0","4","1.00"
"Hungary",1948,"Fencing","4","3","0","2","5","1.25"
"USA",1920,"Rowing","4","3","1","0","4","1.00"
"Italy",1984,"Athletics","7","3","1","3","7","1.00"
"France",1996,"Judo","6","3","0","3","6","1.00"
"Russia",2000,"Fencing","4","3","0","1","4","1.00"
"Italy",2004,"Fencing","5","3","3","1","7","1.40"
"Japan",1984,"Gymnastics","7","3","2","3","8","1.14"
"Italy",1928,"Boxing","4","3","0","1","4","1.00"
"Australia",1968,"Swimming","8","3","2","3","8","1.00"
"South Korea",2000,"Taekwondo","4","3","1","0","4","1.00"
"China",1996,"Diving","4","3","1","1","5","1.25"
"Russia",1956,"Weightlifting","6","3","4","0","7","1.17"
"UK",1984,"Athletics","14","3","7","6","16","1.14"
"Italy",1960,"Boxing","7","3","3","1","7","1.00"
"Czech Republic",1996,"Canoeing","5","3","2","0","5","1.00"
"Japan",1976,"Judo","5","3","1","1","5","1.00"
"USA",2012,"Shooting","4","3","0","1","4","1.00"
"Russia",1960,"Fencing","6","3","2","2","7","1.17"
"Cuba",1972,"Boxing","5","3","1","1","5","1.00"
"Germany",1976,"Cycling","4","3","0","2","5","1.25"
"Australia",2012,"Sailing","4","3","1","0","4","1.00"
"Hungary",2012,"Canoeing","6","3","2","1","6","1.00"
"Russia",1968,"Fencing","7","3","4","0","7","1.00"
"Netherlands",2000,"Cycling","4","3","1","0","4","1.00"
"Germany",1960,"Rowing","4","3","1","0","4","1.00"
"Italy",1996,"Fencing","6","3","2","2","7","1.17"
"Russia",1968,"Boxing","6","3","2","1","6","1.00"
"Slovakia",2008,"Canoeing","4","3","1","0","4","1.00"
"Australia",1952,"Athletics","3","3","0","1","4","1.33"
"South Korea",2012,"Shooting","4","3","2","0","5","1.25"
"Sweden",1912,"Diving","3","3","2","2","7","2.33"
"Germany",2000,"Cycling","8","3","4","3","10","1.25"
"Russia",1980,"Shooting","4","3","1","1","5","1.25"
"Uzbekistan",2016,"Boxing","7","3","2","2","7","1.00"
"China",2008,"Judo","4","3","0","1","4","1.00"
"Russia",1968,"Athletics","11","3","2","8","13","1.18"
"USA",1972,"Wrestling","6","3","2","1","6","1.00"
"Ireland",1996,"Swimming","4","3","0","1","4","1.00"
"Russia",1996,"Athletics","10","3","6","1","10","1.00"
"China",1992,"Table Tennis","4","3","2","1","6","1.50"
"Hungary",2016,"Canoeing","3","3","0","0","3","1.00"
"China",1992,"Diving","4","3","1","1","5","1.25"
"Russia",1964,"Wrestling","10","3","4","3","10","1.00"
"Finland",1928,"Wrestling","9","3","3","3","9","1.00"
"France",1932,"Weightlifting","3","3","0","0","3","1.00"
"Russia",1964,"Canoeing","4","3","0","1","4","1.00"
"Italy",2000,"Swimming","5","3","1","2","6","1.20"
"UK",1908,"Wrestling","5","3","4","4","11","2.20"
"Cuba",1976,"Boxing","8","3","3","2","8","1.00"
"USA",1932,"Art Competitions","6","3","4","0","7","1.17"
"Finland",1932,"Athletics","7","3","4","4","11","1.57"
"Kenya",1968,"Athletics","6","3","4","1","8","1.33"
"Japan",1972,"Judo","4","3","0","1","4","1.00"
"South Korea",1988,"Archery","4","3","2","1","6","1.50"
"Hungary",2004,"Canoeing","6","3","1","2","6","1.00"
"UK",2000,"Sailing","5","3","2","0","5","1.00"
"Hungary",2016,"Swimming","7","3","2","2","7","1.00"
"Russia",1964,"Boxing","9","3","4","2","9","1.00"
"Russia",1968,"Weightlifting","5","3","3","0","6","1.20"
"Russia",1968,"Wrestling","9","3","5","1","9","1.00"
"Russia",1956,"Shooting","6","3","4","1","8","1.33"
"Poland",1964,"Boxing","7","3","1","3","7","1.00"
"China",2000,"Shooting","7","3","2","3","8","1.14"
"Czech Republic",1964,"Gymnastics","4","3","1","0","4","1.00"
"China",1984,"Shooting","4","3","0","3","6","1.50"
"USA",1932,"Rowing","4","3","1","0","4","1.00"
"UK",2016,"Rowing","5","3","2","0","5","1.00"
"Russia",1996,"Gymnastics","8","3","2","3","8","1.00"
"USA",1984,"Equestrianism","4","3","2","0","5","1.25"
"UK",2004,"Athletics","4","3","0","1","4","1.00"
"Russia",1976,"Fencing","5","3","2","2","7","1.40"
"USA",1932,"Wrestling","5","3","2","0","5","1.00"
"Italy",1932,"Cycling","4","3","1","1","5","1.25"
"Ethiopia",2012,"Athletics","6","3","1","3","7","1.17"
"South Korea",2004,"Archery","3","3","1","0","4","1.33"
"France",1912,"Tennis","5","3","0","2","5","1.00"
"UK",1924,"Athletics","10","3","3","5","11","1.10"
"USA",1984,"Sailing","7","3","4","0","7","1.00"
"Turkey",2004,"Weightlifting","3","3","0","2","5","1.67"
"USA",1984,"Shooting","6","3","1","2","6","1.00"
"Australia",2016,"Swimming","10","3","4","3","10","1.00"
"Romania",1956,"Canoeing","3","3","0","0","3","1.00"
"Austria",1936,"Canoeing","7","3","3","1","7","1.00"
"Romania",2004,"Rowing","3","3","0","0","3","1.00"
"Germany",1968,"Rowing","5","3","2","0","5","1.00"
"China",2000,"Gymnastics","6","3","2","2","7","1.17"
"Japan",1964,"Judo","4","3","1","0","4","1.00"
"Romania",1988,"Gymnastics","7","3","3","3","9","1.29"
"Cuba",2016,"Boxing","6","3","0","3","6","1.00"
"Finland",1912,"Wrestling","5","3","2","2","7","1.40"
"USA",1988,"Boxing","8","3","3","2","8","1.00"
"North Korea",2012,"Weightlifting","4","3","0","1","4","1.00"
"Germany",1976,"Canoeing","7","3","1","3","7","1.00"
"Poland",1976,"Athletics","5","3","2","0","5","1.00"
"Bulgaria",1972,"Weightlifting","5","3","3","0","6","1.20"
"Spain",2016,"Canoeing","4","3","0","1","4","1.00"
"Italy",1964,"Cycling","7","3","5","0","8","1.14"
"Turkey",1956,"Wrestling","7","3","2","2","7","1.00"
"Germany",2012,"Canoeing","8","3","2","3","8","1.00"
"Hungary",1996,"Swimming","5","3","1","2","6","1.20"
"Italy",2000,"Fencing","4","3","0","2","5","1.25"
"Bulgaria",1980,"Wrestling","10","3","4","3","10","1.00"
"Finland",1936,"Athletics","5","3","5","2","10","2.00"
"Germany",2008,"Canoeing","8","3","2","3","8","1.00"
"France",1936,"Cycling","6","3","2","2","7","1.17"
"Russia",1996,"Weightlifting","3","2","1","0","3","1.00"
"Ethiopia",1996,"Athletics","3","2","0","1","3","1.00"
"Romania",1992,"Rowing","7","2","4","1","7","1.00"
"Ethiopia",2004,"Athletics","4","2","3","2","7","1.75"
"Taiwan",2004,"Taekwondo","3","2","1","0","3","1.00"
"Germany",1968,"Swimming","8","2","3","3","8","1.00"
"USA",1904,"Tennis","2","2","2","2","6","3.00"
"Finland",1948,"Art Competitions","3","2","1","1","4","1.33"
"Russia",2000,"Boxing","7","2","3","2","7","1.00"
"Australia",1980,"Swimming","7","2","0","5","7","1.00"
"Finland",1984,"Athletics","4","2","1","1","4","1.00"
"Sweden",1908,"Athletics","4","2","0","3","5","1.25"
"Germany",1984,"Equestrianism","4","2","0","2","4","1.00"
"France",2016,"Equestrianism","3","2","1","0","3","1.00"
"USA",1908,"Wrestling","2","2","0","0","2","1.00"
"Russia",2000,"Diving","5","2","1","2","5","1.00"
"Argentina",1932,"Boxing","3","2","1","0","3","1.00"
"Bulgaria",1968,"Wrestling","6","2","3","1","6","1.00"
"Hungary",1988,"Modern Pentathlon","2","2","0","0","2","1.00"
"USA",1912,"Swimming","3","2","1","1","4","1.33"
"Germany",1972,"Swimming","11","2","6","5","13","1.18"
"Italy",1912,"Art Competitions","2","2","0","0","2","1.00"
"Sweden",1908,"Shooting","5","2","2","1","5","1.00"
"Serbia",1924,"Gymnastics","2","2","0","0","2","1.00"
"Netherlands",1972,"Judo","2","2","0","0","2","1.00"
"Hungary",1988,"Canoeing","4","2","1","1","4","1.00"
"Italy",1912,"Gymnastics","2","2","0","1","3","1.50"
"Italy",2004,"Athletics","3","2","0","1","3","1.00"
"USA",1924,"Boxing","4","2","2","2","6","1.50"
"Sweden",2000,"Shooting","2","2","0","0","2","1.00"
"China",2016,"Taekwondo","2","2","0","0","2","1.00"
"Hungary",1980,"Wrestling","7","2","3","2","7","1.00"
"Canada",1984,"Canoeing","6","2","2","2","6","1.00"
"USA",1924,"Rowing","5","2","1","2","5","1.00"
"Cuba",2012,"Boxing","4","2","0","2","4","1.00"
"Cuba",1992,"Athletics","7","2","1","4","7","1.00"
"Switzerland",2016,"Cycling","2","2","0","0","2","1.00"
"USA",2016,"Wrestling","3","2","0","1","3","1.00"
"Russia",1952,"Athletics","13","2","8","7","17","1.31"
"Croatia",2016,"Athletics","3","2","0","1","3","1.00"
"Bulgaria",1992,"Canoeing","3","2","0","1","3","1.00"
"Denmark",1948,"Swimming","4","2","2","0","4","1.00"
"USA",1928,"Rowing","5","2","2","1","5","1.00"
"Germany",1984,"Fencing","5","2","3","0","5","1.00"
"Finland",1976,"Athletics","4","2","2","0","4","1.00"
"USA",1932,"Boxing","5","2","0","3","5","1.00"
"Australia",1992,"Equestrianism","2","2","0","0","2","1.00"
"Russia",2000,"Rhythmic Gymnastics","2","2","0","1","3","1.50"
"Slovakia",2004,"Canoeing","4","2","1","1","4","1.00"
"France",2012,"Judo","7","2","0","5","7","1.00"
"Cuba",2004,"Athletics","4","2","1","2","5","1.25"
"France",2004,"Canoeing","2","2","0","1","3","1.50"
"USA",1932,"Sailing","3","2","1","0","3","1.00"
"Greece",2004,"Athletics","5","2","2","1","5","1.00"
"Georgia",2008,"Wrestling","4","2","0","2","4","1.00"
"Italy",1920,"Athletics","4","2","0","2","4","1.00"
"New Zealand",1964,"Athletics","3","2","0","2","4","1.33"
"Australia",2008,"Rowing","3","2","1","0","3","1.00"
"Morocco",2004,"Athletics","3","2","1","0","3","1.00"
"Bulgaria",1972,"Wrestling","8","2","4","2","8","1.00"
"Russia",2000,"Synchronized Swimming","2","2","0","0","2","1.00"
"USA",1936,"Swimming","7","2","3","3","8","1.14"
"Norway",1912,"Sailing","2","2","0","0","2","1.00"
"Russia",2000,"Trampolining","2","2","0","0","2","1.00"
"Uzbekistan",2004,"Wrestling","3","2","1","0","3","1.00"
"Sweden",1920,"Figure Skating","2","2","1","0","3","1.50"
"Poland",1932,"Athletics","3","2","0","1","3","1.00"
"Sweden",1920,"Sailing","2","2","1","0","3","1.50"
"Germany",2012,"Equestrianism","3","2","1","1","4","1.33"
"USA",1948,"Rowing","3","2","0","1","3","1.00"
"USA",1948,"Sailing","3","2","1","1","4","1.33"
"Sweden",1920,"Swimming","3","2","2","1","5","1.67"
"Italy",2000,"Cycling","3","2","0","1","3","1.00"
"USA",1948,"Wrestling","4","2","1","1","4","1.00"
"Greece",2000,"Weightlifting","5","2","2","1","5","1.00"
"Italy",2000,"Canoeing","3","2","0","1","3","1.00"
"Belarus",2000,"Athletics","4","2","0","3","5","1.25"
"Austria",2000,"Sailing","2","2","0","0","2","1.00"
"USA",1952,"Rowing","3","2","0","1","3","1.00"
"USA",1952,"Sailing","3","2","1","0","3","1.00"
"Italy",1920,"Gymnastics","2","2","0","0","2","1.00"
"New Zealand",2016,"Rowing","3","2","1","0","3","1.00"
"Netherlands",1928,"Equestrianism","3","2","1","1","4","1.33"
"USA",1956,"Boxing","3","2","1","0","3","1.00"
"Belarus",2008,"Canoeing","3","2","0","1","3","1.00"
"Sweden",1924,"Equestrianism","3","2","2","0","4","1.33"
"USA",1956,"Swimming","9","2","4","5","11","1.22"
"France",2012,"Canoeing","2","2","0","0","2","1.00"
"Austria",1904,"Gymnastics","3","2","1","0","3","1.00"
"Switzerland",1996,"Rowing","2","2","0","0","2","1.00"
"USA",1960,"Diving","4","2","4","0","6","1.50"
"Czech Republic",1936,"Canoeing","3","2","1","0","3","1.00"
"Bulgaria",1976,"Rowing","3","2","1","0","3","1.00"
"Australia",1996,"Swimming","10","2","4","6","12","1.20"
"Hungary",1948,"Athletics","3","2","0","1","3","1.00"
"Italy",1924,"Gymnastics","3","2","0","1","3","1.00"
"New Zealand",1960,"Athletics","3","2","0","1","3","1.00"
"Hungary",1948,"Boxing","2","2","0","0","2","1.00"
"China",2004,"Athletics","2","2","0","0","2","1.00"
"Russia",2004,"Rhythmic Gymnastics","2","2","1","0","3","1.50"
"Bulgaria",1976,"Weightlifting","6","2","3","1","6","1.00"
"Italy",1972,"Fencing","2","2","0","0","2","1.00"
"USA",1964,"Rowing","4","2","1","1","4","1.00"
"Australia",2008,"Sailing","3","2","1","0","3","1.00"
"USA",1964,"Shooting","5","2","2","3","7","1.40"
"Brazil",1980,"Sailing","2","2","0","0","2","1.00"
"Italy",1996,"Shooting","4","2","1","2","5","1.25"
"China",1992,"Shooting","4","2","2","0","4","1.00"
"USA",1968,"Boxing","7","2","1","4","7","1.00"
"USA",1968,"Diving","4","2","0","4","6","1.50"
"USA",1968,"Sailing","2","2","0","0","2","1.00"
"Russia",2004,"Synchronized Swimming","2","2","0","0","2","1.00"
"Germany",1972,"Equestrianism","4","2","1","2","5","1.25"
"Italy",1928,"Fencing","5","2","1","2","5","1.00"
"Germany",1984,"Swimming","10","2","3","6","11","1.10"
"USA",1972,"Archery","2","2","0","0","2","1.00"
"Netherlands",2000,"Equestrianism","3","2","2","0","4","1.33"
"Netherlands",2012,"Swimming","3","2","1","1","4","1.33"
"Romania",1964,"Athletics","3","2","0","1","3","1.00"
"Germany",2012,"Rowing","3","2","1","0","3","1.00"
"Italy",1996,"Canoeing","5","2","2","1","5","1.00"
"Germany",1928,"Equestrianism","3","2","0","1","3","1.00"
"USA",1972,"Shooting","3","2","2","0","4","1.33"
"Greece",1996,"Weightlifting","5","2","3","0","5","1.00"
"USA",1976,"Archery","2","2","0","0","2","1.00"
"Germany",1992,"Shooting","3","2","0","1","3","1.00"
"Finland",1964,"Shooting","2","2","0","0","2","1.00"
"USA",1976,"Diving","4","2","1","2","5","1.25"
"USA",1976,"Equestrianism","3","2","1","1","4","1.33"
"Romania",1984,"Weightlifting","7","2","5","1","8","1.14"
"France",1980,"Judo","4","2","1","1","4","1.00"
"Bulgaria",2000,"Shooting","2","2","0","0","2","1.00"
"Germany",1984,"Weightlifting","3","2","0","1","3","1.00"
"USA",1976,"Shooting","2","2","1","0","3","1.50"
"Cuba",2016,"Wrestling","3","2","1","0","3","1.00"
"Romania",1984,"Wrestling","6","2","1","3","6","1.00"
"Russia",2008,"Boxing","3","2","0","1","3","1.00"
"Netherlands",1924,"Equestrianism","2","2","0","0","2","1.00"
"USA",1984,"Basketball","2","2","0","0","2","1.00"
"China",2000,"Judo","4","2","1","1","4","1.00"
"Romania",1968,"Athletics","4","2","2","0","4","1.00"
"Germany",1988,"Shooting","5","2","2","1","5","1.00"
"USA",1984,"Diving","4","2","3","3","8","2.00"
"France",1984,"Fencing","6","2","2","3","7","1.17"
"Poland",1980,"Athletics","6","2","4","1","7","1.17"
"China",1996,"Shooting","4","2","2","1","5","1.25"
"Italy",1992,"Fencing","3","2","1","0","3","1.00"
"USA",1984,"Rowing","8","2","5","1","8","1.00"
"Italy",1992,"Cycling","3","2","1","0","3","1.00"
"USA",1984,"Synchronized Swimming","2","2","0","0","2","1.00"
"Italy",1932,"Fencing","6","2","4","2","8","1.33"
"USA",1988,"Canoeing","2","2","0","0","2","1.00"
"Italy",1988,"Rowing","2","2","0","0","2","1.00"
"USA",1988,"Diving","4","2","1","2","5","1.25"
"Finland",1956,"Wrestling","4","2","0","2","4","1.00"
"Czech Republic",2008,"Shooting","3","2","1","0","3","1.00"
"Bulgaria",1980,"Weightlifting","6","2","4","2","8","1.33"
"Mexico",1948,"Equestrianism","3","2","1","1","4","1.33"
"Romania",2000,"Swimming","4","2","1","1","4","1.00"
"Belgium",1912,"Fencing","2","2","0","1","3","1.50"
"Germany",2016,"Athletics","2","2","0","1","3","1.50"
"USA",1988,"Tennis","4","2","1","2","5","1.25"
"Hungary",1968,"Fencing","7","2","2","3","7","1.00"
"USA",1988,"Wrestling","6","2","1","3","6","1.00"
"Serbia",1988,"Shooting","3","2","0","1","3","1.00"
"Russia",2008,"Rhythmic Gymnastics","2","2","0","0","2","1.00"
"Sweden",1952,"Gymnastics","2","2","0","0","2","1.00"
"Hungary",1952,"Fencing","4","2","2","2","6","1.50"
"France",1988,"Fencing","3","2","1","0","3","1.00"
"Germany",1988,"Boxing","4","2","1","1","4","1.00"
"Russia",2008,"Synchronized Swimming","2","2","0","0","2","1.00"
"Mexico",1968,"Boxing","4","2","0","2","4","1.00"
"France",1988,"Sailing","2","2","0","0","2","1.00"
"Romania",1992,"Gymnastics","4","2","1","2","5","1.25"
"Switzerland",1952,"Gymnastics","5","2","2","3","7","1.40"
"USA",1992,"Synchronized Swimming","2","2","0","0","2","1.00"
"USA",1992,"Tennis","2","2","0","1","3","1.50"
"Sweden",1956,"Canoeing","2","2","0","0","2","1.00"
"USA",1996,"Archery","2","2","0","0","2","1.00"
"USA",1996,"Basketball","2","2","0","0","2","1.00"
"Hungary",1964,"Wrestling","2","2","0","0","2","1.00"
"Hungary",1952,"Gymnastics","6","2","1","5","8","1.33"
"Bulgaria",1988,"Athletics","4","2","1","1","4","1.00"
"Germany",1992,"Fencing","3","2","1","0","3","1.00"
"Sweden",1956,"Sailing","2","2","0","0","2","1.00"
"USA",1996,"Gymnastics","5","2","2","1","5","1.00"
"Poland",1972,"Fencing","2","2","0","0","2","1.00"
"Mexico",1984,"Athletics","2","2","1","0","3","1.50"
"Germany",2016,"Equestrianism","5","2","2","2","6","1.20"
"Romania",1972,"Wrestling","4","2","0","2","4","1.00"
"Netherlands",2016,"Sailing","2","2","0","0","2","1.00"
"Germany",1928,"Weightlifting","3","2","0","1","3","1.00"
"Italy",1948,"Cycling","3","2","1","0","3","1.00"
"Sweden",1964,"Canoeing","2","2","0","0","2","1.00"
"Serbia",1984,"Wrestling","5","2","1","2","5","1.00"
"USA",2000,"Basketball","2","2","0","0","2","1.00"
"Poland",1960,"Athletics","7","2","2","3","7","1.00"
"France",1992,"Fencing","4","2","0","3","5","1.25"
"Morocco",1984,"Athletics","2","2","0","0","2","1.00"
"Russia",2012,"Rhythmic Gymnastics","2","2","1","0","3","1.50"
"Hungary",1952,"Wrestling","4","2","1","1","4","1.00"
"France",1992,"Judo","7","2","1","4","7","1.00"
"France",1992,"Sailing","2","2","0","0","2","1.00"
"Russia",2012,"Synchronized Swimming","2","2","0","0","2","1.00"
"Italy",1952,"Cycling","5","2","2","1","5","1.00"
"USA",2000,"Tennis","2","2","0","1","3","1.50"
"Cuba",2000,"Athletics","6","2","2","2","6","1.00"
"USA",2000,"Wrestling","7","2","2","3","7","1.00"
"Italy",1984,"Modern Pentathlon","2","2","0","1","3","1.50"
"Hungary",1956,"Fencing","4","2","1","1","4","1.00"
"Sweden",1972,"Swimming","2","2","0","0","2","1.00"
"Serbia",1984,"Handball","2","2","0","0","2","1.00"
"Hungary",1968,"Athletics","6","2","1","4","7","1.17"
"Hungary",1968,"Canoeing","6","2","3","1","6","1.00"
"Australia",1992,"Rowing","2","2","0","0","2","1.00"
"USA",2004,"Gymnastics","8","2","6","1","9","1.13"
"Germany",2016,"Rowing","3","2","1","0","3","1.00"
"Netherlands",2016,"Cycling","6","2","3","1","6","1.00"
"USA",2004,"Shooting","3","2","1","0","3","1.00"
"Netherlands",2016,"Swimming","2","2","0","0","2","1.00"
"Romania",1996,"Rowing","2","2","0","0","2","1.00"
"Sweden",1980,"Swimming","4","2","2","1","5","1.25"
"France",1996,"Fencing","5","2","2","3","7","1.40"
"France",2008,"Cycling","4","2","3","1","6","1.50"
"USA",2008,"Basketball","2","2","0","0","2","1.00"
"USA",2008,"Beach Volleyball","2","2","0","0","2","1.00"
"Mexico",2008,"Taekwondo","2","2","0","0","2","1.00"
"Romania",1980,"Gymnastics","6","2","3","2","7","1.17"
"Sweden",1984,"Canoeing","6","2","4","0","6","1.00"
"Hungary",1972,"Fencing","7","2","4","2","8","1.14"
"USA",2008,"Gymnastics","7","2","6","2","10","1.43"
"Poland",1964,"Athletics","8","2","4","2","8","1.00"
"Germany",1992,"Boxing","4","2","1","1","4","1.00"
"USA",2008,"Shooting","6","2","2","2","6","1.00"
"Norway",1952,"Shooting","2","2","0","0","2","1.00"
"Russia",1968,"Canoeing","6","2","1","3","6","1.00"
"Jamaica",2004,"Athletics","5","2","1","2","5","1.00"
"New Zealand",1984,"Sailing","3","2","0","1","3","1.00"
"Australia",2000,"Sailing","4","2","1","1","4","1.00"
"Hungary",1968,"Wrestling","4","2","0","2","4","1.00"
"UK",1908,"Archery","2","2","2","1","5","2.50"
"Hungary",2008,"Canoeing","4","2","1","1","4","1.00"
"Netherlands",2004,"Swimming","7","2","3","2","7","1.00"
"Hungary",2012,"Swimming","3","2","0","1","3","1.00"
"Russia",1968,"Shooting","5","2","1","2","5","1.00"
"Netherlands",1984,"Swimming","6","2","1","3","6","1.00"
"UK",1908,"Motorboating","2","2","0","0","2","1.00"
"Russia",1968,"Volleyball","2","2","0","0","2","1.00"
"UK",1908,"Racquets","2","2","2","2","6","3.00"
"Russia",2016,"Judo","3","2","0","1","3","1.00"
"Italy",1960,"Fencing","6","2","1","3","6","1.00"
"France",1908,"Fencing","2","2","1","1","4","2.00"
"Canada",1996,"Athletics","2","2","0","0","2","1.00"
"Hungary",2016,"Fencing","4","2","1","1","4","1.00"
"UK",1912,"Athletics","8","2","1","5","8","1.00"
"Japan",1936,"Athletics","4","2","2","3","7","1.75"
"South Korea",1984,"Judo","5","2","2","1","5","1.00"
"South Korea",1984,"Wrestling","7","2","1","4","7","1.00"
"UK",1912,"Rowing","3","2","2","0","4","1.33"
"South Korea",1988,"Boxing","4","2","1","1","4","1.00"
"UK",1912,"Tennis","4","2","2","2","6","1.50"
"South Korea",1988,"Judo","3","2","0","1","3","1.00"
"UK",1920,"Boxing","6","2","1","3","6","1.00"
"Hungary",1904,"Swimming","4","2","1","1","4","1.00"
"South Korea",1988,"Table Tennis","3","2","1","1","4","1.33"
"Japan",1956,"Wrestling","3","2","1","0","3","1.00"
"South Africa",2016,"Athletics","4","2","2","0","4","1.00"
"South Korea",1988,"Wrestling","9","2","2","5","9","1.00"
"South Korea",1992,"Archery","3","2","2","0","4","1.33"
"Germany",1960,"Athletics","13","2","8","3","13","1.00"
"Bulgaria",1988,"Weightlifting","3","2","1","1","4","1.33"
"UK",1920,"Tennis","4","2","3","1","6","1.50"
"South Korea",1992,"Badminton","3","2","1","1","4","1.33"
"Russia",1972,"Boxing","2","2","0","0","2","1.00"
"France",1912,"Shooting","2","2","0","0","2","1.00"
"UK",1924,"Boxing","3","2","2","0","4","1.33"
"Russia",1972,"Cycling","3","2","0","1","3","1.00"
"Germany",2000,"Equestrianism","3","2","1","1","4","1.33"
"South Korea",1992,"Shooting","2","2","0","0","2","1.00"
"UK",1924,"Rowing","2","2","0","0","2","1.00"
"South Africa",2012,"Swimming","3","2","1","0","3","1.00"
"North Korea",1992,"Wrestling","3","2","0","1","3","1.00"
"Russia",1972,"Fencing","6","2","2","3","7","1.17"
"South Korea",1992,"Wrestling","4","2","1","1","4","1.00"
"South Korea",1996,"Archery","4","2","1","1","4","1.00"
"UK",1928,"Athletics","5","2","2","1","5","1.00"
"Belgium",1920,"Equestrianism","4","2","1","2","5","1.25"
"South Korea",1996,"Badminton","3","2","2","0","4","1.33"
"Austria",1928,"Weightlifting","2","2","0","0","2","1.00"
"Germany",2000,"Athletics","5","2","1","2","5","1.00"
"Germany",1976,"Equestrianism","6","2","3","2","7","1.17"
"UK",1932,"Athletics","8","2","4","2","8","1.00"
"Russia",1972,"Rowing","2","2","0","0","2","1.00"
"South Korea",1996,"Judo","8","2","4","2","8","1.00"
"UK",1932,"Rowing","2","2","0","0","2","1.00"
"Turkey",1996,"Wrestling","3","2","0","1","3","1.00"
"Belgium",1952,"Cycling","2","2","1","0","3","1.50"
"UK",1936,"Athletics","7","2","5","0","7","1.00"
"USA",2012,"Basketball","2","2","0","0","2","1.00"
"Germany",2000,"Rowing","6","2","1","3","6","1.00"
"Turkey",1996,"Weightlifting","2","2","0","0","2","1.00"
"Hungary",1908,"Fencing","2","2","1","0","3","1.50"
"Japan",1972,"Swimming","3","2","0","1","3","1.00"
"Netherlands",1928,"Art Competitions","4","2","1","1","4","1.00"
"Japan",1972,"Wrestling","4","2","2","0","4","1.00"
"Russia",2016,"Rhythmic Gymnastics","2","2","1","0","3","1.50"
"UK",1948,"Rowing","3","2","1","0","3","1.00"
"Russia",1964,"Rowing","2","2","0","0","2","1.00"
"Azerbaijan",2012,"Wrestling","7","2","2","3","7","1.00"
"Japan",1976,"Wrestling","6","2","0","4","6","1.00"
"Germany",1976,"Fencing","3","2","2","0","4","1.33"
"France",1920,"Tennis","4","2","0","2","4","1.00"
"UK",1956,"Boxing","5","2","1","2","5","1.00"
"Norway",1924,"Sailing","3","2","1","0","3","1.00"
"Finland",1932,"Wrestling","8","2","3","3","8","1.00"
"Cuba",2000,"Judo","5","2","2","1","5","1.00"
"Germany",1960,"Diving","2","2","0","0","2","1.00"
"Jamaica",1952,"Athletics","4","2","3","0","5","1.25"
"France",1920,"Weightlifting","3","2","0","1","3","1.00"
"China",2008,"Trampolining","2","2","0","1","3","1.50"
"Japan",1984,"Wrestling","9","2","5","2","9","1.00"
"South Africa",1996,"Swimming","3","2","0","1","3","1.00"
"Brazil",1996,"Sailing","3","2","0","1","3","1.00"
"Switzerland",1924,"Wrestling","4","2","1","2","5","1.25"
"Italy",1964,"Boxing","5","2","0","3","5","1.00"
"South Korea",2004,"Taekwondo","4","2","0","2","4","1.00"
"China",2008,"Boxing","4","2","1","1","4","1.00"
"Japan",1988,"Wrestling","4","2","2","0","4","1.00"
"Canada",1912,"Swimming","2","2","0","0","2","1.00"
"Turkey",1968,"Wrestling","2","2","0","0","2","1.00"
"South Korea",2008,"Archery","4","2","2","1","5","1.25"
"Russia",1976,"Handball","2","2","0","0","2","1.00"
"Russia",1976,"Judo","5","2","2","1","5","1.00"
"Turkey",1964,"Wrestling","6","2","3","1","6","1.00"
"Chile",2004,"Tennis","2","2","0","1","3","1.50"
"Japan",1992,"Judo","10","2","4","4","10","1.00"
"UK",1972,"Equestrianism","3","2","1","0","3","1.00"
"Hungary",1912,"Fencing","2","2","1","1","4","2.00"
"Turkey",1952,"Wrestling","3","2","0","1","3","1.00"
"Czech Republic",1992,"Athletics","2","2","0","0","2","1.00"
"France",1924,"Weightlifting","2","2","0","0","2","1.00"
"South Korea",2008,"Weightlifting","3","2","1","0","3","1.00"
"Norway",1924,"Shooting","4","2","1","1","4","1.00"
"Indonesia",1992,"Badminton","3","2","2","1","5","1.67"
"South Korea",2012,"Fencing","6","2","1","3","6","1.00"
"Italy",1964,"Equestrianism","3","2","0","1","3","1.00"
"South Korea",2012,"Judo","3","2","0","1","3","1.00"
"Egypt",1936,"Weightlifting","4","2","1","2","5","1.25"
"France",1928,"Fencing","4","2","3","0","5","1.25"
"France",2016,"Boxing","6","2","2","2","6","1.00"
"Japan",2004,"Athletics","2","2","0","0","2","1.00"
"China",2012,"Fencing","3","2","0","1","3","1.00"
"France",2016,"Judo","5","2","2","1","5","1.00"
"Germany",1912,"Swimming","4","2","3","2","7","1.75"
"Russia",1980,"Diving","4","2","2","2","6","1.50"
"Egypt",1948,"Weightlifting","2","2","1","0","3","1.50"
"South Korea",2016,"Taekwondo","5","2","0","3","5","1.00"
"UK",1992,"Athletics","6","2","0","4","6","1.00"
"Germany",1936,"Boxing","5","2","2","1","5","1.00"
"Japan",2004,"Wrestling","6","2","1","3","6","1.00"
"Netherlands",2008,"Swimming","2","2","0","0","2","1.00"
"UK",1992,"Rowing","2","2","0","0","2","1.00"
"France",1932,"Equestrianism","2","2","1","0","3","1.50"
"France",1932,"Fencing","3","2","1","0","3","1.00"
"Germany",1936,"Canoeing","7","2","3","2","7","1.00"
"Switzerland",1924,"Rowing","5","2","0","3","5","1.00"
"Russia",1980,"Judo","5","2","1","2","5","1.00"
"Russia",1980,"Modern Pentathlon","2","2","0","1","3","1.50"
"Japan",2008,"Swimming","5","2","0","3","5","1.00"
"South Africa",1948,"Boxing","4","2","1","1","4","1.00"
"UK",2000,"Athletics","6","2","2","2","6","1.00"
"Japan",2008,"Wrestling","6","2","2","2","6","1.00"
"New Zealand",1996,"Swimming","2","2","0","0","2","1.00"
"Australia",1968,"Athletics","4","2","3","1","6","1.50"
"Argentina",1928,"Boxing","4","2","2","0","4","1.00"
"Iran",1956,"Wrestling","4","2","2","0","4","1.00"
"UK",2000,"Rowing","3","2","1","0","3","1.00"
"Russia",1960,"Shooting","5","2","2","3","7","1.40"
"France",1936,"Boxing","2","2","0","0","2","1.00"
"Russia",1980,"Volleyball","2","2","0","0","2","1.00"
"Germany",1936,"Cycling","3","2","0","1","3","1.00"
"UK",2004,"Cycling","4","2","1","1","4","1.00"
"South Africa",1932,"Boxing","3","2","0","1","3","1.00"
"Russia",2016,"Synchronized Swimming","2","2","0","0","2","1.00"
"UK",2004,"Sailing","5","2","1","2","5","1.00"
"China",2012,"Shooting","6","2","2","3","7","1.17"
"USA",2012,"Wrestling","4","2","0","2","4","1.00"
"China",1988,"Diving","4","2","3","1","6","1.50"
"Norway",2000,"Canoeing","2","2","0","0","2","1.00"
"Russia",1960,"Rowing","5","2","2","1","5","1.00"
"Italy",2012,"Shooting","5","2","3","0","5","1.00"
"Germany",2004,"Rowing","4","2","2","0","4","1.00"
"Hungary",1960,"Fencing","3","2","2","0","4","1.33"
"UK",2008,"Rowing","6","2","2","2","6","1.00"
"Switzerland",1924,"Gymnastics","5","2","2","3","7","1.40"
"UK",2008,"Swimming","4","2","2","2","6","1.50"
"USA",2016,"Basketball","2","2","0","0","2","1.00"
"UK",2012,"Canoeing","3","2","1","1","4","1.33"
"Argentina",1948,"Boxing","3","2","0","1","3","1.00"
"Germany",2004,"Shooting","3","2","1","0","3","1.00"
"Japan",2016,"Gymnastics","3","2","0","1","3","1.00"
"Japan",2016,"Swimming","6","2","2","3","7","1.17"
"Belgium",1920,"Art Competitions","4","2","1","3","6","1.50"
"Australia",1960,"Equestrianism","2","2","1","0","3","1.50"
"USA",2016,"Cycling","5","2","3","0","5","1.00"
"Spain",1992,"Athletics","4","2","1","1","4","1.00"
"Germany",1980,"Cycling","4","2","2","0","4","1.00"
"UK",2016,"Athletics","7","2","1","4","7","1.00"
"Germany",1980,"Diving","3","2","1","1","4","1.33"
"Australia",1996,"Rowing","6","2","1","3","6","1.00"
"UK",2016,"Canoeing","4","2","2","0","4","1.00"
"Thailand",2016,"Weightlifting","3","2","1","1","4","1.33"
"Spain",1992,"Judo","2","2","0","0","2","1.00"
"UK",2016,"Equestrianism","3","2","1","0","3","1.00"
"Iran",2000,"Weightlifting","2","2","0","0","2","1.00"
"UK",2016,"Gymnastics","5","2","1","3","6","1.20"
"France",2000,"Judo","6","2","2","2","6","1.00"
"France",1948,"Athletics","7","2","3","3","8","1.14"
"Cuba",1976,"Athletics","3","2","1","0","3","1.00"
"UK",2016,"Sailing","3","2","1","0","3","1.00"
"France",2000,"Rowing","3","2","0","1","3","1.00"
"Germany",1964,"Athletics","8","2","5","3","10","1.25"
"Bahamas",2000,"Athletics","3","2","0","1","3","1.00"
"France",2008,"Fencing","4","2","2","0","4","1.00"
"Russia",1988,"Swimming","9","2","2","5","9","1.00"
"Estonia",1928,"Wrestling","3","2","0","1","3","1.00"
"Germany",1980,"Gymnastics","10","2","3","6","11","1.10"
"Spain",1996,"Sailing","2","2","0","0","2","1.00"
"China",1988,"Table Tennis","3","2","2","1","5","1.67"
"China",2004,"Taekwondo","2","2","0","0","2","1.00"
"Hungary",1960,"Modern Pentathlon","2","2","1","0","3","1.50"
"Hungary",1996,"Canoeing","6","2","1","3","6","1.00"
"Kazakhstan",2000,"Boxing","4","2","2","0","4","1.00"
"France",1948,"Equestrianism","4","2","1","1","4","1.00"
"Ukraine",2000,"Swimming","4","2","2","0","4","1.00"
"Iran",2016,"Weightlifting","2","2","0","0","2","1.00"
"Thailand",2004,"Weightlifting","4","2","0","2","4","1.00"
"China",2016,"Athletics","4","2","2","2","6","1.50"
"Australia",1952,"Cycling","3","2","1","0","3","1.00"
"China",2016,"Badminton","3","2","0","1","3","1.00"
"Estonia",1936,"Wrestling","5","2","1","2","5","1.00"
"Germany",2008,"Fencing","2","2","0","0","2","1.00"
"Ireland",1932,"Athletics","2","2","0","0","2","1.00"
"Germany",1956,"Equestrianism","6","2","3","1","6","1.00"
"South Africa",1912,"Tennis","2","2","1","0","3","1.50"
"Germany",1964,"Canoeing","4","2","1","1","4","1.00"
"Russia",1992,"Judo","4","2","0","2","4","1.00"
"Ukraine",2004,"Swimming","3","2","0","1","3","1.00"
"Hungary",1928,"Fencing","2","2","1","0","3","1.50"
"Australia",1912,"Swimming","5","2","2","2","6","1.20"
"Ukraine",2004,"Wrestling","2","2","0","0","2","1.00"
"Cuba",1992,"Wrestling","5","2","0","3","5","1.00"
"Canada",1988,"Synchronized Swimming","2","2","0","0","2","1.00"
"Spain",2008,"Cycling","4","2","1","1","4","1.00"
"China",1996,"Weightlifting","4","2","1","1","4","1.00"
"Australia",1996,"Shooting","3","2","0","1","3","1.00"
"Norway",1904,"Wrestling","2","2","0","0","2","1.00"
"Hungary",1992,"Wrestling","2","2","0","0","2","1.00"
"France",1952,"Fencing","3","2","0","1","3","1.00"
"Germany",1996,"Shooting","4","2","2","0","4","1.00"
"Ukraine",2008,"Shooting","3","2","1","0","3","1.00"
"Ukraine",2012,"Boxing","5","2","1","2","5","1.00"
"Brazil",2004,"Sailing","2","2","0","0","2","1.00"
"Spain",2012,"Sailing","2","2","0","0","2","1.00"
"China",1992,"Gymnastics","6","2","4","2","8","1.33"
"Romania",1984,"Canoeing","4","2","1","1","4","1.00"
"Kenya",1972,"Athletics","5","2","2","2","6","1.20"
"Germany",2008,"Swimming","3","2","0","1","3","1.00"
"Finland",1936,"Wrestling","6","2","1","3","6","1.00"
"Australia",1972,"Sailing","2","2","0","0","2","1.00"
"Hungary",1932,"Fencing","3","2","0","2","4","1.33"
"Kenya",1992,"Athletics","5","2","4","2","8","1.60"
"Hungary",1932,"Gymnastics","4","2","2","0","4","1.00"
"Norway",1908,"Shooting","2","2","0","1","3","1.50"
"Ethiopia",1980,"Athletics","3","2","0","2","4","1.33"
"Kenya",2000,"Athletics","5","2","3","2","7","1.40"
"Germany",1964,"Equestrianism","6","2","2","2","6","1.00"
"Italy",2008,"Fencing","6","2","0","5","7","1.17"
"Kenya",2012,"Athletics","7","2","4","5","11","1.57"
"Russia",1956,"Rowing","4","2","1","1","4","1.00"
"France",1956,"Cycling","4","2","2","0","4","1.00"
"Netherlands",1920,"Sailing","2","2","1","0","3","1.50"
"Germany",1996,"Rowing","4","2","1","1","4","1.00"
"Poland",1992,"Modern Pentathlon","2","2","0","0","2","1.00"
"Russia",1956,"Canoeing","7","2","3","2","7","1.00"
"Germany",1968,"Wrestling","3","2","0","1","3","1.00"
"USA",1904,"Fencing","5","2","5","4","11","2.20"
"Italy",1956,"Rowing","1","1","0","0","1","1.00"
"Italy",1956,"Shooting","1","1","0","1","2","2.00"
"Italy",1960,"Athletics","3","1","0","2","3","1.00"
"Italy",1960,"Equestrianism","2","1","1","1","3","1.50"
"China",1996,"Gymnastics","6","1","4","1","6","1.00"
"China",1996,"Judo","2","1","0","1","2","1.00"
"Italy",1960,"Water Polo","1","1","0","0","1","1.00"
"Italy",1964,"Athletics","2","1","0","1","2","1.00"
"Finland",1936,"Art Competitions","1","1","0","0","1","1.00"
"Sweden",1992,"Table Tennis","1","1","0","0","1","1.00"
"Italy",1964,"Gymnastics","3","1","1","1","3","1.00"
"Finland",1936,"Boxing","1","1","0","0","1","1.00"
"Sweden",1996,"Athletics","1","1","0","0","1","1.00"
"Sweden",1996,"Canoeing","2","1","0","1","2","1.00"
"Italy",1964,"Shooting","1","1","0","0","1","1.00"
"Finland",1936,"Gymnastics","2","1","0","1","2","1.00"
"Italy",1968,"Cycling","4","1","1","2","4","1.00"
"Italy",1968,"Diving","2","1","1","0","2","1.00"
"Italy",1968,"Rowing","2","1","0","1","2","1.00"
"Finland",1948,"Athletics","3","1","2","0","3","1.00"
"Sweden",2000,"Swimming","4","1","2","1","4","1.00"
"Brazil",2008,"Swimming","2","1","0","1","2","1.00"
"Sweden",2000,"Wrestling","1","1","0","0","1","1.00"
"Sweden",2004,"Canoeing","1","1","0","0","1","1.00"
"Italy",1972,"Diving","2","1","1","1","3","1.50"
"Italy",1972,"Equestrianism","3","1","1","1","3","1.00"
"Italy",1972,"Shooting","1","1","0","1","2","2.00"
"China",1996,"Sailing","1","1","0","0","1","1.00"
"Finland",1948,"Wrestling","3","1","1","1","3","1.00"
"Finland",1952,"Boxing","5","1","0","4","5","1.00"
"Sweden",2012,"Sailing","2","1","0","1","2","1.00"
"Australia",2004,"Diving","5","1","1","4","6","1.20"
"Italy",1976,"Diving","2","1","1","0","2","1.00"
"Sweden",2016,"Cycling","2","1","1","0","2","1.00"
"Italy",1976,"Fencing","4","1","3","0","4","1.00"
"China",1996,"Swimming","6","1","3","2","6","1.00"
"Brazil",2008,"Volleyball","2","1","1","0","2","1.00"
"Sweden",2016,"Swimming","3","1","1","1","3","1.00"
"Switzerland",1904,"Gymnastics","2","1","0","1","2","1.00"
"Switzerland",1912,"Art Competitions","1","1","0","0","1","1.00"
"Switzerland",1920,"Rowing","2","1","0","1","2","1.00"
"Finland",1952,"Wrestling","4","1","1","2","4","1.00"
"Italy",1980,"Boxing","1","1","0","0","1","1.00"
"Switzerland",1920,"Wrestling","2","1","1","0","2","1.00"
"Belarus",1996,"Rowing","2","1","0","1","2","1.00"
"Switzerland",1924,"Equestrianism","2","1","1","0","2","1.00"
"Italy",1980,"Equestrianism","2","1","1","0","2","1.00"
"China",2000,"Athletics","1","1","0","0","1","1.00"
"Italy",1980,"Judo","1","1","0","0","1","1.00"
"Italy",1980,"Shooting","1","1","0","0","1","1.00"
"Switzerland",1928,"Rowing","2","1","1","0","2","1.00"
"Switzerland",1928,"Wrestling","3","1","1","1","3","1.00"
"Italy",1980,"Wrestling","1","1","0","0","1","1.00"
"Switzerland",1936,"Aeronautics","1","1","0","0","1","1.00"
"Switzerland",1936,"Alpinism","1","1","0","0","1","1.00"
"Switzerland",1936,"Art Competitions","1","1","0","0","1","1.00"
"Italy",1984,"Boxing","5","1","2","2","5","1.00"
"Switzerland",1936,"Gymnastics","6","1","6","2","9","1.50"
"Italy",1984,"Cycling","1","1","0","0","1","1.00"
"Australia",2004,"Hockey","1","1","0","0","1","1.00"
"Switzerland",1948,"Equestrianism","1","1","0","0","1","1.00"
"Italy",1984,"Rowing","1","1","0","0","1","1.00"
"Switzerland",1948,"Shooting","2","1","1","0","2","1.00"
"Italy",1984,"Shooting","3","1","1","1","3","1.00"
"Finland",1956,"Shooting","2","1","0","1","2","1.00"
"Italy",1984,"Weightlifting","1","1","0","0","1","1.00"
"Italy",1984,"Wrestling","1","1","0","0","1","1.00"
"Italy",1988,"Athletics","3","1","1","1","3","1.00"
"Italy",1988,"Boxing","1","1","0","0","1","1.00"
"Italy",1988,"Fencing","4","1","1","2","4","1.00"
"Australia",2004,"Rowing","4","1","1","2","4","1.00"
"Italy",1988,"Wrestling","1","1","0","0","1","1.00"
"Switzerland",1964,"Equestrianism","2","1","1","0","2","1.00"
"Italy",1992,"Canoeing","2","1","0","1","2","1.00"
"Finland",1960,"Gymnastics","1","1","0","0","1","1.00"
"Finland",1964,"Athletics","1","1","0","0","1","1.00"
"Italy",1992,"Water Polo","1","1","0","0","1","1.00"
"Switzerland",1976,"Equestrianism","2","1","1","0","2","1.00"
"China",2000,"Taekwondo","1","1","0","0","1","1.00"
"Switzerland",1980,"Cycling","1","1","0","0","1","1.00"
"Switzerland",1980,"Judo","1","1","0","0","1","1.00"
"Italy",1996,"Gymnastics","1","1","0","0","1","1.00"
"Brazil",2012,"Gymnastics","1","1","0","0","1","1.00"
"Italy",1996,"Rowing","1","1","0","0","1","1.00"
"Brazil",2012,"Judo","4","1","0","3","4","1.00"
"Switzerland",1992,"Tennis","1","1","0","0","1","1.00"
"Finland",1968,"Weightlifting","1","1","0","0","1","1.00"
"Switzerland",1996,"Cycling","2","1","1","0","2","1.00"
"Switzerland",1996,"Gymnastics","1","1","0","0","1","1.00"
"China",2004,"Canoeing","1","1","0","0","1","1.00"
"Switzerland",2000,"Triathlon","1","1","0","1","2","2.00"
"Switzerland",2004,"Fencing","1","1","0","0","1","1.00"
"Italy",2000,"Judo","4","1","0","3","4","1.00"
"Switzerland",2008,"Cycling","4","1","1","2","4","1.00"
"Italy",2000,"Rowing","4","1","2","1","4","1.00"
"Italy",2000,"Sailing","2","1","1","0","2","1.00"
"Switzerland",2008,"Tennis","1","1","0","0","1","1.00"
"Switzerland",2012,"Equestrianism","1","1","0","0","1","1.00"
"Switzerland",2012,"Triathlon","1","1","0","0","1","1.00"
"Finland",1976,"Rowing","1","1","0","0","1","1.00"
"Switzerland",2016,"Rowing","1","1","0","0","1","1.00"
"Italy",2004,"Archery","1","1","0","0","1","1.00"
"Finland",1976,"Wrestling","1","1","0","0","1","1.00"
"Finland",1980,"Archery","2","1","0","1","2","1.00"
"Australia",2004,"Shooting","2","1","0","1","2","1.00"
"Italy",2004,"Cycling","1","1","0","0","1","1.00"
"Syria",1996,"Athletics","1","1","0","0","1","1.00"
"Finland",1980,"Rowing","1","1","0","0","1","1.00"
"Italy",2004,"Gymnastics","2","1","0","1","2","1.00"
"Finland",1980,"Sailing","2","1","0","1","2","1.00"
"Argentina",2004,"Football","1","1","0","0","1","1.00"
"Italy",2004,"Shooting","3","1","2","0","3","1.00"
"Finland",1984,"Rowing","1","1","0","0","1","1.00"
"China",2004,"Gymnastics","3","1","0","2","3","1.00"
"Italy",2004,"Water Polo","1","1","0","0","1","1.00"
"China",2004,"Judo","5","1","1","3","5","1.00"
"Italy",2008,"Athletics","2","1","0","1","2","1.00"
"Italy",2008,"Boxing","3","1","1","1","3","1.00"
"Finland",1984,"Wrestling","3","1","1","1","3","1.00"
"Taiwan",2016,"Weightlifting","2","1","0","1","2","1.00"
"Finland",1988,"Athletics","1","1","0","1","2","2.00"
"Italy",2008,"Judo","1","1","0","0","1","1.00"
"Tajikistan",2016,"Athletics","1","1","0","0","1","1.00"
"Brazil",2012,"Volleyball","2","1","1","0","2","1.00"
"Italy",2008,"Shooting","3","1","2","0","3","1.00"
"Italy",2008,"Swimming","2","1","1","0","2","1.00"
"China",2004,"Swimming","2","1","1","0","2","1.00"
"Thailand",1996,"Boxing","2","1","0","1","2","1.00"
"Thailand",2000,"Boxing","2","1","0","1","2","1.00"
"Italy",2008,"Wrestling","1","1","0","0","1","1.00"
"Thailand",2004,"Boxing","3","1","1","1","3","1.00"
"Italy",2012,"Archery","1","1","0","0","1","1.00"
"Thailand",2008,"Boxing","2","1","1","0","2","1.00"
"Thailand",2008,"Weightlifting","1","1","0","0","1","1.00"
"Finland",1992,"Canoeing","1","1","0","0","1","1.00"
"Italy",2012,"Canoeing","1","1","0","0","1","1.00"
"Finland",1996,"Athletics","2","1","0","1","2","1.00"
"China",2004,"Tennis","1","1","0","0","1","1.00"
"Brazil",2016,"Athletics","1","1","0","0","1","1.00"
"Finland",2000,"Athletics","1","1","0","0","1","1.00"
"Finland",2000,"Sailing","1","1","0","0","1","1.00"
"Trinidad",1976,"Athletics","1","1","0","0","1","1.00"
"Italy",2012,"Taekwondo","2","1","0","1","2","1.00"
"China",2004,"Volleyball","1","1","0","0","1","1.00"
"Trinidad",2008,"Athletics","2","1","1","0","2","1.00"
"Trinidad",2012,"Athletics","4","1","1","2","4","1.00"
"China",2004,"Wrestling","1","1","0","0","1","1.00"
"Italy",2016,"Cycling","2","1","0","1","2","1.00"
"China",2008,"Archery","3","1","1","1","3","1.00"
"Tunisia",1968,"Athletics","2","1","0","1","2","1.00"
"Italy",2016,"Fencing","4","1","3","0","4","1.00"
"Italy",2016,"Judo","2","1","1","0","2","1.00"
"Tunisia",2008,"Swimming","1","1","0","0","1","1.00"
"Brazil",2016,"Beach Volleyball","2","1","1","0","2","1.00"
"Tunisia",2012,"Swimming","2","1","0","1","2","1.00"
"Italy",2016,"Swimming","3","1","1","2","4","1.33"
"Turkey",1936,"Wrestling","2","1","0","1","2","1.00"
"Finland",2008,"Shooting","2","1","0","1","2","1.00"
"Brazil",2016,"Boxing","1","1","0","0","1","1.00"
"Ivory Coast",2016,"Taekwondo","2","1","0","1","2","1.00"
"Turkey",1988,"Weightlifting","1","1","0","0","1","1.00"
"Jamaica",1948,"Athletics","2","1","2","0","3","1.50"
"Turkey",1992,"Weightlifting","1","1","0","0","1","1.00"
"Turkey",1992,"Wrestling","4","1","2","1","4","1.00"
"China",2008,"Canoeing","1","1","0","0","1","1.00"
"Turkey",2000,"Judo","1","1","0","0","1","1.00"
"Turkey",2000,"Weightlifting","1","1","0","0","1","1.00"
"Turkey",2000,"Wrestling","2","1","0","1","2","1.00"
"Jamaica",1976,"Athletics","2","1","1","0","2","1.00"
"France",1908,"Archery","1","1","1","1","3","3.00"
"France",1908,"Cycling","4","1","2","2","5","1.25"
"China",2008,"Fencing","2","1","1","0","2","1.00"
"Jamaica",1996,"Athletics","6","1","3","2","6","1.00"
"France",1908,"Motorboating","1","1","0","0","1","1.00"
"Turkey",2008,"Wrestling","2","1","0","1","2","1.00"
"Turkey",2012,"Athletics","1","1","1","0","2","2.00"
"Turkey",2012,"Taekwondo","2","1","1","0","2","1.00"
"Turkey",2016,"Wrestling","5","1","2","2","5","1.00"
"Uganda",1972,"Athletics","1","1","0","0","1","1.00"
"Brazil",2016,"Football","1","1","0","0","1","1.00"
"Japan",1928,"Athletics","2","1","1","0","2","1.00"
"Japan",1928,"Swimming","3","1","1","1","3","1.00"
"Uganda",2012,"Athletics","1","1","0","0","1","1.00"
"UK",1904,"Athletics","2","1","1","0","2","1.00"
"Japan",1932,"Athletics","3","1","1","2","4","1.33"
"UK",1908,"Figure Skating","3","1","2","3","6","2.00"
"UK",1908,"Football","1","1","0","0","1","1.00"
"Japan",1932,"Equestrianism","1","1","0","0","1","1.00"
"UK",1908,"Hockey","1","1","1","1","3","3.00"
"UK",1908,"Polo","1","1","1","0","2","2.00"
"Belarus",2000,"Rowing","1","1","0","0","1","1.00"
"UK",1908,"Tug-Of-War","1","1","1","1","3","3.00"
"UK",1908,"Water Polo","1","1","0","0","1","1.00"
"France",1912,"Equestrianism","3","1","1","1","3","1.00"
"UK",1912,"Football","1","1","0","0","1","1.00"
"China",2008,"Rowing","2","1","1","0","2","1.00"
"UK",1912,"Shooting","8","1","4","4","9","1.13"
"UK",1912,"Swimming","6","1","2","3","6","1.00"
"Japan",1952,"Wrestling","2","1","1","0","2","1.00"
"UK",1912,"Water Polo","1","1","0","0","1","1.00"
"Japan",1956,"Gymnastics","7","1","5","3","9","1.29"
"UK",1920,"Cycling","4","1","3","1","5","1.25"
"Japan",1956,"Swimming","4","1","4","0","5","1.25"
"UK",1920,"Hockey","1","1","0","0","1","1.00"
"UK",1920,"Polo","1","1","0","0","1","1.00"
"France",1912,"Sailing","1","1","0","0","1","1.00"
"UK",1920,"Sailing","1","1","0","0","1","1.00"
"UK",1920,"Tug-Of-War","1","1","0","0","1","1.00"
"UK",1920,"Water Polo","1","1","0","0","1","1.00"
"France",1920,"Archery","6","1","4","1","6","1.00"
"China",2008,"Sailing","2","1","0","1","2","1.00"
"France",1920,"Athletics","4","1","2","1","4","1.00"
"Japan",1964,"Boxing","1","1","0","0","1","1.00"
"UK",1924,"Shooting","3","1","2","0","3","1.00"
"UK",1924,"Swimming","3","1","2","1","4","1.33"
"France",1920,"Boxing","2","1","1","1","3","1.50"
"UK",1928,"Art Competitions","2","1","1","0","2","1.00"
"France",1920,"Cycling","2","1","0","1","2","1.00"
"Japan",1964,"Volleyball","2","1","0","1","2","1.00"
"Japan",1964,"Weightlifting","3","1","0","2","3","1.00"
"UK",1928,"Rowing","4","1","2","1","4","1.00"
"UK",1932,"Art Competitions","1","1","0","0","1","1.00"
"France",1920,"Fencing","5","1","4","3","8","1.60"
"China",2008,"Swimming","5","1","3","2","6","1.20"
"Brazil",2016,"Judo","3","1","0","2","3","1.00"
"Japan",1968,"Weightlifting","2","1","1","1","3","1.50"
"UK",1936,"Rowing","2","1","1","0","2","1.00"
"UK",1936,"Sailing","2","1","0","1","2","1.00"
"UK",1948,"Art Competitions","4","1","2","1","4","1.00"
"Japan",1972,"Volleyball","2","1","1","0","2","1.00"
"UK",1948,"Sailing","1","1","0","0","1","1.00"
"Japan",1976,"Volleyball","1","1","0","0","1","1.00"
"China",2008,"Taekwondo","2","1","0","1","2","1.00"
"UK",1952,"Equestrianism","1","1","0","0","1","1.00"
"Brazil",2016,"Sailing","1","1","0","0","1","1.00"
"UK",1956,"Athletics","6","1","4","2","7","1.17"
"UK",1956,"Equestrianism","3","1","0","2","3","1.00"
"UK",1956,"Fencing","1","1","0","0","1","1.00"
"Japan",1984,"Shooting","1","1","0","0","1","1.00"
"UK",1956,"Swimming","1","1","0","1","2","2.00"
"UK",1960,"Athletics","8","1","3","4","8","1.00"
"France",1924,"Art Competitions","2","1","0","2","3","1.50"
"UK",1960,"Swimming","3","1","1","1","3","1.00"
"Australia",1964,"Sailing","1","1","0","0","1","1.00"
"Japan",1988,"Judo","4","1","0","3","4","1.00"
"Japan",1988,"Swimming","1","1","0","0","1","1.00"
"UK",1968,"Athletics","3","1","2","1","4","1.33"
"UK",1968,"Boxing","1","1","0","0","1","1.00"
"UK",1968,"Equestrianism","3","1","2","1","4","1.33"
"UK",1968,"Sailing","2","1","0","1","2","1.00"
"UK",1968,"Shooting","1","1","0","0","1","1.00"
"France",1924,"Gymnastics","4","1","3","1","5","1.25"
"UK",1972,"Athletics","4","1","1","2","4","1.00"
"China",2008,"Wrestling","3","1","2","0","3","1.00"
"UK",1972,"Sailing","2","1","1","0","2","1.00"
"Japan",1992,"Swimming","1","1","0","0","1","1.00"
"China",2012,"Athletics","5","1","0","5","6","1.20"
"France",1924,"Shooting","2","1","1","0","2","1.00"
"France",1924,"Water Polo","1","1","0","0","1","1.00"
"UK",1976,"Modern Pentathlon","1","1","0","0","1","1.00"
"UK",1976,"Sailing","2","1","1","0","2","1.00"
"UK",1976,"Swimming","3","1","1","1","3","1.00"
"France",1924,"Wrestling","1","1","0","0","1","1.00"
"France",1928,"Art Competitions","4","1","2","1","4","1.00"
"France",1928,"Athletics","3","1","1","1","3","1.00"
"UK",1980,"Swimming","5","1","3","1","5","1.00"
"Japan",2000,"Athletics","1","1","0","0","1","1.00"
"China",2012,"Boxing","3","1","1","1","3","1.00"
"France",1928,"Cycling","1","1","0","0","1","1.00"
"UK",1984,"Rowing","1","1","0","0","1","1.00"
"Australia",2008,"Athletics","4","1","2","1","4","1.00"
"UK",1984,"Shooting","3","1","0","3","4","1.33"
"France",1928,"Sailing","1","1","0","0","1","1.00"
"France",1928,"Weightlifting","3","1","1","1","3","1.00"
"Japan",2004,"Gymnastics","4","1","1","2","4","1.00"
"UK",1988,"Hockey","1","1","0","0","1","1.00"
"UK",1988,"Rowing","2","1","0","1","2","1.00"
"UK",1988,"Sailing","1","1","0","0","1","1.00"
"UK",1988,"Shooting","1","1","1","0","2","2.00"
"UK",1988,"Swimming","3","1","1","1","3","1.00"
"France",1932,"Art Competitions","1","1","0","0","1","1.00"
"Brazil",2016,"Volleyball","1","1","0","0","1","1.00"
"UK",1992,"Cycling","1","1","0","0","1","1.00"
"France",1932,"Cycling","4","1","2","1","4","1.00"
"Belarus",2004,"Athletics","1","1","0","0","1","1.00"
"UK",1996,"Rowing","2","1","0","1","2","1.00"
"Japan",2008,"Softball","1","1","0","0","1","1.00"
"France",1932,"Sailing","1","1","0","0","1","1.00"
"UK",2000,"Boxing","1","1","0","0","1","1.00"
"UK",2000,"Cycling","4","1","1","2","4","1.00"
"France",1932,"Wrestling","2","1","0","1","2","1.00"
"UK",2000,"Modern Pentathlon","1","1","0","1","2","2.00"
"UK",2000,"Shooting","2","1","1","0","2","1.00"
"Japan",2012,"Boxing","2","1","0","1","2","1.00"
"China",2012,"Sailing","1","1","0","0","1","1.00"
"Japan",2012,"Gymnastics","3","1","2","0","3","1.00"
"Japan",2012,"Judo","7","1","3","3","7","1.00"
"UK",2004,"Equestrianism","2","1","1","1","3","1.50"
"UK",2004,"Rowing","4","1","2","1","4","1.00"
"UK",2008,"Athletics","5","1","2","2","5","1.00"
"UK",2008,"Boxing","3","1","0","2","3","1.00"
"UK",2008,"Canoeing","3","1","1","1","3","1.00"
"Bulgaria",1956,"Wrestling","4","1","3","0","4","1.00"
"Japan",2016,"Badminton","2","1","0","1","2","1.00"
"France",1936,"Weightlifting","1","1","0","0","1","1.00"
"UK",2012,"Sailing","5","1","4","0","5","1.00"
"UK",2012,"Shooting","1","1","0","0","1","1.00"
"France",1936,"Wrestling","1","1","0","0","1","1.00"
"UK",2012,"Taekwondo","2","1","0","1","2","1.00"
"UK",2012,"Tennis","2","1","1","0","2","1.00"
"UK",2012,"Triathlon","1","1","0","1","2","2.00"
"France",1948,"Art Competitions","3","1","0","2","3","1.00"
"UK",2016,"Boxing","3","1","1","1","3","1.00"
"UK",2016,"Diving","3","1","1","1","3","1.00"
"UK",2016,"Golf","1","1","0","0","1","1.00"
"UK",2016,"Hockey","1","1","0","0","1","1.00"
"China",2012,"Taekwondo","3","1","1","1","3","1.00"
"UK",2016,"Swimming","6","1","5","0","6","1.00"
"UK",2016,"Taekwondo","3","1","1","1","3","1.00"
"UK",2016,"Tennis","1","1","0","0","1","1.00"
"Jordan",2016,"Taekwondo","1","1","0","0","1","1.00"
"UK",2016,"Triathlon","2","1","1","1","3","1.50"
"Kazakhstan",1996,"Boxing","4","1","1","2","4","1.00"
"Ukraine",1996,"Athletics","4","1","0","3","4","1.00"
"Ukraine",1996,"Boxing","2","1","0","1","2","1.00"
"Ukraine",1996,"Rhythmic Gymnastics","1","1","0","1","2","2.00"
"Kazakhstan",1996,"Modern Pentathlon","1","1","0","0","1","1.00"
"Ukraine",1996,"Sailing","2","1","0","1","2","1.00"
"Ukraine",1996,"Weightlifting","2","1","0","1","2","1.00"
"Ukraine",1996,"Wrestling","4","1","0","3","4","1.00"
"China",2012,"Trampolining","2","1","1","2","4","2.00"
"Kazakhstan",1996,"Wrestling","2","1","0","1","2","1.00"
"Kazakhstan",2000,"Athletics","1","1","0","0","1","1.00"
"Ukraine",2000,"Shooting","1","1","0","0","1","1.00"
"Kazakhstan",2004,"Boxing","3","1","1","1","3","1.00"
"Australia",2008,"Canoeing","5","1","1","3","5","1.00"
"Kazakhstan",2008,"Boxing","2","1","0","1","2","1.00"
"France",1952,"Canoeing","2","1","0","1","2","1.00"
"Ukraine",2004,"Gymnastics","1","1","0","0","1","1.00"
"Kazakhstan",2008,"Weightlifting","4","1","2","1","4","1.00"
"Bulgaria",1960,"Wrestling","6","1","3","2","6","1.00"
"Kazakhstan",2012,"Athletics","1","1","0","0","1","1.00"
"Kazakhstan",2012,"Boxing","4","1","1","2","4","1.00"
"Kazakhstan",2012,"Cycling","1","1","0","0","1","1.00"
"Ukraine",2004,"Shooting","1","1","0","0","1","1.00"
"Ukraine",2004,"Trampolining","1","1","0","0","1","1.00"
"Ukraine",2004,"Weightlifting","2","1","1","0","2","1.00"
"Ukraine",2008,"Archery","1","1","0","0","1","1.00"
"Ukraine",2008,"Athletics","4","1","1","3","5","1.25"
"Ukraine",2008,"Boxing","2","1","0","1","2","1.00"
"Ukraine",2008,"Canoeing","2","1","0","1","2","1.00"
"China",2016,"Cycling","1","1","0","0","1","1.00"
"Ukraine",2008,"Fencing","1","1","0","0","1","1.00"
"France",1952,"Equestrianism","3","1","1","1","3","1.00"
"Kazakhstan",2016,"Boxing","5","1","2","2","5","1.00"
"Kazakhstan",2016,"Swimming","1","1","0","0","1","1.00"
"Kazakhstan",2016,"Weightlifting","6","1","1","4","6","1.00"
"France",1952,"Rowing","2","1","1","0","2","1.00"
"France",1952,"Swimming","3","1","1","1","3","1.00"
"Ukraine",2012,"Canoeing","3","1","2","0","3","1.00"
"Ukraine",2012,"Fencing","2","1","0","1","2","1.00"
"Ukraine",2012,"Rowing","1","1","0","0","1","1.00"
"France",1956,"Athletics","1","1","0","0","1","1.00"
"Ukraine",2012,"Weightlifting","2","1","0","1","2","1.00"
"Ukraine",2016,"Canoeing","2","1","0","1","2","1.00"
"Kenya",1984,"Athletics","2","1","0","1","2","1.00"
"Ukraine",2016,"Gymnastics","2","1","1","0","2","1.00"
"Argentina",1932,"Athletics","1","1","0","0","1","1.00"
"Kenya",1988,"Boxing","2","1","0","1","2","1.00"
"United Arab Emirates",2004,"Shooting","1","1","0","0","1","1.00"
"Kenya",1996,"Athletics","7","1","4","3","8","1.14"
"Uruguay",1924,"Football","1","1","0","0","1","1.00"
"Uruguay",1928,"Football","1","1","0","0","1","1.00"
"Kenya",2004,"Athletics","5","1","4","2","7","1.40"
"Kosovo",2016,"Judo","1","1","0","0","1","1.00"
"USA",1904,"Diving","1","1","0","1","2","2.00"
"France",1956,"Fencing","4","1","1","2","4","1.00"
"USA",1904,"Golf","2","1","2","2","5","2.50"
"Belarus",2004,"Judo","1","1","0","0","1","1.00"
"USA",1904,"Roque","1","1","1","1","3","3.00"
"USA",1904,"Tug-Of-War","1","1","1","1","3","3.00"
"USA",1904,"Water Polo","1","1","1","1","3","3.00"
"USA",1904,"Weightlifting","2","1","2","0","3","1.50"
"Australia",2008,"Diving","2","1","1","0","2","1.00"
"USA",1908,"Jeu De Paume","1","1","0","0","1","1.00"
"USA",1908,"Swimming","2","1","0","1","2","1.00"
"USA",1912,"Art Competitions","1","1","0","0","1","1.00"
"China",2016,"Shooting","5","1","2","4","7","1.40"
"China",2016,"Swimming","6","1","2","3","6","1.00"
"Armenia",2016,"Wrestling","2","1","1","0","2","1.00"
"USA",1920,"Rugby","1","1","0","0","1","1.00"
"USA",1920,"Wrestling","4","1","2","3","6","1.50"
"USA",1924,"Gymnastics","1","1","0","0","1","1.00"
"Latvia",2000,"Gymnastics","1","1","0","0","1","1.00"
"USA",1924,"Rugby","1","1","0","0","1","1.00"
"France",1964,"Equestrianism","2","1","1","0","2","1.00"
"Bulgaria",1972,"Boxing","2","1","1","0","2","1.00"
"China",2016,"Volleyball","1","1","0","0","1","1.00"
"USA",1928,"Wrestling","2","1","1","0","2","1.00"
"USA",1932,"Equestrianism","5","1","2","2","5","1.00"
"France",1968,"Athletics","2","1","0","1","2","1.00"
"Latvia",2008,"Cycling","1","1","0","0","1","1.00"
"France",1968,"Equestrianism","2","1","1","0","2","1.00"
"France",1968,"Fencing","2","1","0","1","2","1.00"
"USA",1936,"Basketball","1","1","0","0","1","1.00"
"Latvia",2012,"Cycling","1","1","0","0","1","1.00"
"USA",1936,"Rowing","2","1","0","1","2","1.00"
"USA",1936,"Weightlifting","1","1","0","0","1","1.00"
"USA",1936,"Wrestling","4","1","3","0","4","1.00"
"USA",1948,"Basketball","1","1","0","0","1","1.00"
"Lithuania",1992,"Athletics","1","1","0","0","1","1.00"
"USA",1948,"Canoeing","3","1","2","0","3","1.00"
"USA",1948,"Equestrianism","3","1","2","0","3","1.00"
"Bulgaria",1976,"Athletics","4","1","2","1","4","1.00"
"Belarus",2008,"Athletics","4","1","3","2","6","1.50"
"Lithuania",2000,"Athletics","1","1","0","0","1","1.00"
"USA",1948,"Shooting","1","1","1","0","2","2.00"
"USA",1952,"Basketball","1","1","0","0","1","1.00"
"USA",1952,"Canoeing","1","1","0","0","1","1.00"
"France",1972,"Cycling","1","1","0","0","1","1.00"
"USA",1952,"Shooting","2","1","0","1","2","1.00"
"USA",1952,"Wrestling","4","1","2","1","4","1.00"
"USA",1956,"Basketball","1","1","0","0","1","1.00"
"USA",1956,"Sailing","2","1","0","1","2","1.00"
"Colombia",2000,"Weightlifting","1","1","0","0","1","1.00"
"Lithuania",2000,"Shooting","1","1","0","0","1","1.00"
"USA",1960,"Basketball","1","1","0","0","1","1.00"
"Lithuania",2004,"Athletics","2","1","1","0","2","1.00"
"France",1972,"Sailing","2","1","1","0","2","1.00"
"USA",1960,"Rowing","2","1","0","1","2","1.00"
"USA",1960,"Sailing","2","1","0","1","2","1.00"
"USA",1960,"Shooting","2","1","1","0","2","1.00"
"USA",1960,"Weightlifting","5","1","4","1","6","1.20"
"USA",1964,"Basketball","1","1","0","0","1","1.00"
"USA",1964,"Boxing","4","1","0","3","4","1.00"
"France",1976,"Athletics","1","1","0","0","1","1.00"
"France",1976,"Equestrianism","1","1","0","0","1","1.00"
"Bulgaria",1976,"Wrestling","7","1","3","3","7","1.00"
"Lithuania",2012,"Modern Pentathlon","1","1","0","0","1","1.00"
"Lithuania",2012,"Swimming","1","1","0","0","1","1.00"
"USA",1968,"Basketball","1","1","0","0","1","1.00"
"USA",1968,"Equestrianism","3","1","1","1","3","1.00"
"USA",1968,"Shooting","3","1","2","0","3","1.00"
"Colombia",2012,"Cycling","3","1","1","1","3","1.00"
"Bulgaria",1980,"Boxing","2","1","0","1","2","1.00"
"Bulgaria",1980,"Canoeing","5","1","2","2","5","1.00"
"USA",1972,"Boxing","4","1","0","3","4","1.00"
"Belarus",2008,"Weightlifting","3","1","1","1","3","1.00"
"USA",1972,"Diving","3","1","1","1","3","1.00"
"Luxembourg",1924,"Art Competitions","2","1","1","0","2","1.00"
"Luxembourg",1928,"Art Competitions","1","1","0","0","1","1.00"
"USA",1972,"Sailing","2","1","0","2","3","1.50"
"Luxembourg",1952,"Athletics","1","1","0","0","1","1.00"
"USA",1976,"Basketball","2","1","1","0","2","1.00"
"France",1984,"Athletics","3","1","1","2","4","1.33"
"Bulgaria",1980,"Gymnastics","2","1","0","1","2","1.00"
"Colombia",2016,"Athletics","1","1","0","0","1","1.00"
"USA",1976,"Wrestling","6","1","3","2","6","1.00"
"USA",1984,"Archery","1","1","1","0","2","2.00"
"Argentina",1936,"Boxing","4","1","1","2","4","1.00"
"France",1984,"Football","1","1","0","0","1","1.00"
"Colombia",2016,"Cycling","2","1","0","1","2","1.00"
"USA",1984,"Volleyball","2","1","1","0","2","1.00"
"Colombia",2016,"Weightlifting","2","1","0","1","2","1.00"
"Australia",2008,"Triathlon","1","1","0","1","2","2.00"
"USA",1988,"Archery","3","1","1","1","3","1.00"
"USA",1988,"Basketball","2","1","0","1","2","1.00"
"France",1984,"Shooting","2","1","1","0","2","1.00"
"Costa Rica",1996,"Swimming","1","1","0","0","1","1.00"
"Belarus",2012,"Shooting","1","1","0","0","1","1.00"
"USA",1988,"Sailing","5","1","2","2","5","1.00"
"Mexico",1956,"Diving","2","1","0","1","2","1.00"
"USA",1988,"Volleyball","1","1","0","0","1","1.00"
"France",1988,"Equestrianism","3","1","1","1","3","1.00"
"USA",1992,"Basketball","2","1","0","1","2","1.00"
"USA",1992,"Boxing","3","1","1","1","3","1.00"
"USA",1992,"Canoeing","3","1","0","2","3","1.00"
"USA",1992,"Diving","3","1","1","1","3","1.00"
"France",1988,"Judo","2","1","0","1","2","1.00"
"USA",1992,"Gymnastics","6","1","2","3","6","1.00"
"USA",1992,"Sailing","9","1","6","2","9","1.00"
"USA",1992,"Shooting","2","1","1","0","2","1.00"
"Croatia",1996,"Handball","1","1","0","0","1","1.00"
"Mexico",1968,"Swimming","2","1","0","1","2","1.00"
"USA",1996,"Beach Volleyball","1","1","1","0","2","2.00"
"USA",1996,"Boxing","6","1","0","5","6","1.00"
"Mexico",1976,"Athletics","1","1","0","0","1","1.00"
"France",1992,"Archery","1","1","0","0","1","1.00"
"France",1992,"Athletics","1","1","0","0","1","1.00"
"USA",1996,"Football","1","1","0","0","1","1.00"
"Bulgaria",1988,"Boxing","2","1","1","0","2","1.00"
"Croatia",2000,"Weightlifting","1","1","0","0","1","1.00"
"USA",1996,"Shooting","2","1","1","1","3","1.50"
"USA",1996,"Softball","1","1","0","0","1","1.00"
"USA",1996,"Synchronized Swimming","1","1","0","0","1","1.00"
"Croatia",2004,"Handball","1","1","0","0","1","1.00"
"USA",2000,"Baseball","1","1","0","0","1","1.00"
"USA",2000,"Beach Volleyball","1","1","0","0","1","1.00"
"USA",2000,"Cycling","2","1","1","0","2","1.00"
"USA",2000,"Diving","1","1","0","0","1","1.00"
"USA",2000,"Equestrianism","3","1","0","2","3","1.00"
"Bulgaria",1988,"Canoeing","5","1","1","3","5","1.00"
"Bulgaria",1988,"Gymnastics","2","1","0","1","2","1.00"
"USA",2000,"Sailing","4","1","2","1","4","1.00"
"USA",2000,"Shooting","3","1","0","2","3","1.00"
"USA",2000,"Softball","1","1","0","0","1","1.00"
"USA",2000,"Taekwondo","1","1","0","0","1","1.00"
"Argentina",1936,"Polo","1","1","0","0","1","1.00"
"USA",2000,"Weightlifting","2","1","0","1","2","1.00"
"USA",2004,"Basketball","2","1","0","1","2","1.00"
"USA",2004,"Beach Volleyball","1","1","0","1","2","2.00"
"USA",2004,"Boxing","2","1","0","1","2","1.00"
"Belarus",2012,"Tennis","2","1","0","1","2","1.00"
"USA",2004,"Equestrianism","5","1","2","2","5","1.00"
"USA",2004,"Fencing","1","1","0","1","2","2.00"
"USA",2004,"Football","1","1","0","0","1","1.00"
"France",1996,"Canoeing","3","1","0","2","3","1.00"
"USA",2004,"Rowing","2","1","1","0","2","1.00"
"USA",2004,"Sailing","2","1","1","0","2","1.00"
"USA",2004,"Softball","1","1","0","0","1","1.00"
"Mexico",2000,"Weightlifting","1","1","0","0","1","1.00"
"USA",2004,"Taekwondo","2","1","1","0","2","1.00"
"Bulgaria",1988,"Shooting","2","1","1","0","2","1.00"
"USA",2004,"Wrestling","6","1","3","2","6","1.00"
"USA",2008,"Cycling","4","1","1","3","5","1.25"
"USA",2008,"Equestrianism","3","1","1","1","3","1.00"
"USA",2008,"Fencing","4","1","3","2","6","1.50"
"USA",2008,"Football","1","1","0","0","1","1.00"
"Bulgaria",1988,"Swimming","2","1","1","1","3","1.50"
"USA",2008,"Rowing","3","1","1","1","3","1.00"
"USA",2008,"Sailing","2","1","1","0","2","1.00"
"France",1996,"Shooting","2","1","0","1","2","1.00"
"Mexico",2012,"Football","1","1","0","0","1","1.00"
"USA",2008,"Tennis","2","1","0","1","2","1.00"
"USA",2008,"Volleyball","2","1","1","0","2","1.00"
"Australia",2012,"Athletics","3","1","2","0","3","1.00"
"USA",2008,"Wrestling","3","1","0","2","3","1.00"
"USA",2012,"Beach Volleyball","1","1","1","0","2","2.00"
"USA",2012,"Boxing","2","1","0","1","2","1.00"
"USA",2012,"Cycling","4","1","2","1","4","1.00"
"USA",2012,"Diving","4","1","1","2","4","1.00"
"France",2000,"Boxing","2","1","0","1","2","1.00"
"USA",2012,"Football","1","1","0","0","1","1.00"
"USA",2012,"Judo","2","1","0","1","2","1.00"
"USA",2012,"Rowing","3","1","0","2","3","1.00"
"France",2000,"Canoeing","2","1","1","1","3","1.50"
"USA",2012,"Water Polo","1","1","0","0","1","1.00"
"France",2000,"Fencing","6","1","4","1","6","1.00"
"Croatia",2012,"Athletics","1","1","0","0","1","1.00"
"USA",2016,"Boxing","3","1","1","1","3","1.00"
"France",2000,"Shooting","2","1","1","0","2","1.00"
"Bulgaria",1988,"Wrestling","8","1","4","3","8","1.00"
"USA",2016,"Judo","2","1","1","0","2","1.00"
"USA",2016,"Rowing","2","1","1","0","2","1.00"
"USA",2016,"Shooting","3","1","0","2","3","1.00"
"Croatia",2012,"Shooting","1","1","0","0","1","1.00"
"USA",2016,"Tennis","2","1","1","1","3","1.50"
"USA",2016,"Triathlon","1","1","0","0","1","1.00"
"Australia",2012,"Canoeing","2","1","1","0","2","1.00"
"USA",2016,"Water Polo","1","1","0","0","1","1.00"
"Croatia",2012,"Water Polo","1","1","0","0","1","1.00"
"Uzbekistan",2000,"Boxing","3","1","0","2","3","1.00"
"France",2004,"Cycling","3","1","1","1","3","1.00"
"France",2004,"Equestrianism","1","1","0","0","1","1.00"
"France",2004,"Gymnastics","1","1","0","0","1","1.00"
"Uzbekistan",2008,"Wrestling","2","1","1","0","2","1.00"
"Croatia",2016,"Rowing","2","1","1","0","2","1.00"
"Mongolia",2008,"Boxing","2","1","1","0","2","1.00"
"Uzbekistan",2012,"Wrestling","1","1","0","0","1","1.00"
"Mongolia",2008,"Judo","1","1","0","0","1","1.00"
"Uzbekistan",2016,"Weightlifting","1","1","0","0","1","1.00"
"France",2004,"Rowing","2","1","1","0","2","1.00"
"France",2004,"Sailing","2","1","0","1","2","1.00"
"France",2004,"Swimming","6","1","2","3","6","1.00"
"Venezuela",1968,"Boxing","1","1","0","0","1","1.00"
"Croatia",2016,"Sailing","2","1","1","0","2","1.00"
"Croatia",2016,"Shooting","1","1","0","0","1","1.00"
"Australia",2012,"Cycling","6","1","2","3","6","1.00"
"Bulgaria",1992,"Weightlifting","4","1","2","1","4","1.00"
"Morocco",1988,"Athletics","2","1","0","1","2","1.00"
"Venezuela",2012,"Fencing","1","1","0","0","1","1.00"
"Belarus",2016,"Trampolining","1","1","0","0","1","1.00"
"Morocco",1992,"Athletics","2","1","1","0","2","1.00"
"Bulgaria",1996,"Athletics","1","1","0","0","1","1.00"
"Vietnam",2016,"Shooting","2","1","1","0","2","1.00"
"Bulgaria",1996,"Boxing","3","1","2","0","3","1.00"
"France",2008,"Handball","1","1","0","0","1","1.00"
"Zimbabwe",1980,"Hockey","1","1","0","0","1","1.00"
"Zimbabwe",2004,"Swimming","3","1","1","1","3","1.00"
"Zimbabwe",2008,"Swimming","4","1","3","0","4","1.00"
"Algeria",1996,"Boxing","2","1","0","1","2","1.00"
"Mozambique",2000,"Athletics","1","1","0","0","1","1.00"
"France",2008,"Swimming","5","1","2","3","6","1.20"
"Cuba",1976,"Judo","1","1","0","0","1","1.00"
"France",2008,"Wrestling","2","1","0","1","2","1.00"
"France",2012,"Athletics","3","1","1","1","3","1.00"
"Netherlands",1920,"Archery","1","1","0","0","1","1.00"
"Netherlands",1920,"Cycling","3","1","0","2","3","1.00"
"Australia",1908,"Rugby","1","1","0","0","1","1.00"
"France",2012,"Cycling","4","1","3","0","4","1.00"
"Cuba",1980,"Athletics","4","1","2","1","4","1.00"
"France",2012,"Handball","1","1","0","0","1","1.00"
"Netherlands",1924,"Cycling","3","1","1","1","3","1.00"
"Netherlands",1924,"Rowing","1","1","0","0","1","1.00"
"Australia",2012,"Swimming","10","1","6","3","10","1.00"
"Netherlands",1928,"Boxing","2","1","0","1","2","1.00"
"Netherlands",1928,"Cycling","4","1","3","0","4","1.00"
"Netherlands",1928,"Gymnastics","1","1","0","0","1","1.00"
"Cuba",1980,"Weightlifting","2","1","0","1","2","1.00"
"Netherlands",1928,"Swimming","3","1","2","0","3","1.00"
"Cuba",1992,"Baseball","1","1","0","0","1","1.00"
"Netherlands",1932,"Cycling","2","1","1","0","2","1.00"
"Netherlands",1932,"Equestrianism","2","1","1","0","2","1.00"
"Bulgaria",1996,"Wrestling","1","1","0","0","1","1.00"
"France",2016,"Canoeing","3","1","1","1","3","1.00"
"Netherlands",1936,"Cycling","3","1","2","0","3","1.00"
"Cuba",1992,"Judo","5","1","1","3","5","1.00"
"Netherlands",1936,"Sailing","2","1","0","1","2","1.00"
"France",2016,"Fencing","3","1","1","1","3","1.00"
"Cuba",1992,"Volleyball","1","1","0","0","1","1.00"
"Bulgaria",2000,"Athletics","1","1","0","0","1","1.00"
"Netherlands",1948,"Swimming","3","1","0","2","3","1.00"
"France",2016,"Rowing","2","1","0","1","2","1.00"
"France",2016,"Sailing","3","1","0","2","3","1.00"
"Argentina",2008,"Cycling","1","1","0","0","1","1.00"
"Cuba",1996,"Baseball","1","1","0","0","1","1.00"
"Belgium",1908,"Shooting","2","1","2","0","3","1.50"
"Netherlands",1964,"Cycling","2","1","0","1","2","1.00"
"Netherlands",1964,"Judo","1","1","0","0","1","1.00"
"Cuba",1996,"Judo","6","1","1","4","6","1.00"
"Cuba",1996,"Volleyball","1","1","0","0","1","1.00"
"Netherlands",1968,"Cycling","2","1","1","0","2","1.00"
"Netherlands",1968,"Rowing","3","1","2","0","3","1.00"
"Netherlands",1968,"Swimming","1","1","0","0","1","1.00"
"Cuba",1996,"Weightlifting","1","1","0","0","1","1.00"
"Netherlands",1972,"Cycling","1","1","0","0","1","1.00"
"Cuba",1996,"Wrestling","3","1","1","1","3","1.00"
"Georgia",2004,"Judo","2","1","1","0","2","1.00"
"Georgia",2004,"Weightlifting","1","1","0","0","1","1.00"
"Georgia",2008,"Judo","1","1","0","0","1","1.00"
"Georgia",2012,"Judo","1","1","0","0","1","1.00"
"Netherlands",1984,"Athletics","1","1","0","0","1","1.00"
"Bulgaria",2000,"Weightlifting","2","1","2","0","3","1.50"
"Netherlands",1984,"Hockey","1","1","0","0","1","1.00"
"Georgia",2016,"Weightlifting","1","1","0","1","2","2.00"
"Netherlands",1984,"Sailing","1","1","0","0","1","1.00"
"Georgia",2016,"Wrestling","3","1","0","2","3","1.00"
"Bulgaria",2000,"Wrestling","2","1","1","0","2","1.00"
"Netherlands",1988,"Cycling","2","1","1","0","2","1.00"
"Cuba",2000,"Taekwondo","2","1","1","0","2","1.00"
"Netherlands",1988,"Rowing","1","1","0","0","1","1.00"
"Netherlands",1992,"Athletics","1","1","0","0","1","1.00"
"Cuba",2000,"Volleyball","1","1","0","0","1","1.00"
"Cuba",2000,"Wrestling","5","1","3","1","5","1.00"
"Netherlands",1992,"Equestrianism","3","1","2","0","3","1.00"
"Cuba",2004,"Baseball","1","1","0","0","1","1.00"
"Germany",1908,"Diving","1","1","1","1","3","3.00"
"Netherlands",1996,"Cycling","3","1","1","1","3","1.00"
"Germany",1908,"Figure Skating","2","1","1","0","2","1.00"
"Netherlands",1996,"Hockey","2","1","0","1","2","1.00"
"Argentina",2008,"Football","1","1","0","0","1","1.00"
"Netherlands",1996,"Rowing","3","1","1","1","3","1.00"
"Germany",1908,"Swimming","1","1","0","0","1","1.00"
"Netherlands",1996,"Volleyball","1","1","0","0","1","1.00"
"Germany",1912,"Art Competitions","1","1","0","0","1","1.00"
"Netherlands",2000,"Hockey","2","1","0","1","2","1.00"
"Netherlands",2000,"Judo","1","1","0","0","1","1.00"
"Algeria",2000,"Athletics","4","1","1","2","4","1.00"
"Germany",1912,"Diving","2","1","2","1","4","2.00"
"Germany",1912,"Rowing","2","1","0","1","2","1.00"
"Netherlands",2004,"Cycling","4","1","1","2","4","1.00"
"Netherlands",2004,"Equestrianism","1","1","0","0","1","1.00"
"Germany",1912,"Tennis","3","1","1","1","3","1.00"
"Netherlands",2008,"Cycling","1","1","0","0","1","1.00"
"Netherlands",2008,"Equestrianism","2","1","1","0","2","1.00"
"Netherlands",2008,"Hockey","1","1","0","0","1","1.00"
"Cuba",2004,"Wrestling","3","1","1","1","3","1.00"
"Netherlands",2008,"Rowing","2","1","1","0","2","1.00"
"Germany",1928,"Art Competitions","7","1","2","5","8","1.14"
"Netherlands",2008,"Water Polo","1","1","0","0","1","1.00"
"Netherlands",2012,"Cycling","3","1","0","2","3","1.00"
"Germany",1928,"Athletics","9","1","2","6","9","1.00"
"Netherlands",2012,"Gymnastics","1","1","0","0","1","1.00"
"Netherlands",2012,"Hockey","2","1","1","0","2","1.00"
"Cuba",2008,"Athletics","5","1","2","2","5","1.00"
"Bulgaria",2004,"Shooting","2","1","0","1","2","1.00"
"Netherlands",2012,"Sailing","3","1","1","1","3","1.00"
"Germany",1928,"Fencing","2","1","1","1","3","1.50"
"Bulgaria",2004,"Weightlifting","2","1","0","1","2","1.00"
"Netherlands",2016,"Gymnastics","1","1","0","0","1","1.00"
"Germany",1928,"Rowing","1","1","0","0","1","1.00"
"Netherlands",2016,"Rowing","3","1","1","1","3","1.00"
"Germany",1928,"Swimming","2","1","1","1","3","1.50"
"Germany",1928,"Water Polo","1","1","0","0","1","1.00"
"New Zealand",1928,"Boxing","1","1","0","0","1","1.00"
"New Zealand",1936,"Athletics","1","1","0","0","1","1.00"
"New Zealand",1952,"Athletics","2","1","0","1","2","1.00"
"Germany",1928,"Wrestling","4","1","2","1","4","1.00"
"New Zealand",1956,"Athletics","1","1","0","0","1","1.00"
"New Zealand",1956,"Sailing","1","1","0","0","1","1.00"
"New Zealand",1964,"Sailing","1","1","0","0","1","1.00"
"Germany",1932,"Alpinism","1","1","0","0","1","1.00"
"New Zealand",1968,"Rowing","1","1","0","0","1","1.00"
"Germany",1932,"Art Competitions","3","1","0","2","3","1.00"
"Bulgaria",2008,"Rowing","1","1","0","0","1","1.00"
"New Zealand",1972,"Rowing","2","1","1","0","2","1.00"
"New Zealand",1976,"Athletics","2","1","1","0","2","1.00"
"New Zealand",1976,"Hockey","1","1","0","0","1","1.00"
"Belgium",1920,"Cycling","2","1","0","1","2","1.00"
"Germany",1932,"Rowing","3","1","2","0","3","1.00"
"New Zealand",1984,"Equestrianism","1","1","0","0","1","1.00"
"New Zealand",1984,"Rowing","2","1","0","1","2","1.00"
"New Zealand",1988,"Canoeing","3","1","1","1","3","1.00"
"New Zealand",1988,"Equestrianism","2","1","0","1","2","1.00"
"New Zealand",1988,"Sailing","3","1","1","1","3","1.00"
"Cuba",2008,"Wrestling","1","1","0","0","1","1.00"
"Germany",1932,"Weightlifting","3","1","1","1","3","1.00"
"Germany",1932,"Wrestling","4","1","2","1","4","1.00"
"New Zealand",1992,"Sailing","4","1","2","1","4","1.00"
"New Zealand",1996,"Equestrianism","2","1","1","1","3","1.50"
"New Zealand",2000,"Rowing","1","1","0","0","1","1.00"
"Australia",1984,"Athletics","3","1","1","1","3","1.00"
"New Zealand",2004,"Cycling","1","1","0","0","1","1.00"
"New Zealand",2004,"Rowing","1","1","0","0","1","1.00"
"New Zealand",2004,"Triathlon","1","1","1","0","2","2.00"
"New Zealand",2008,"Athletics","2","1","1","0","2","1.00"
"New Zealand",2008,"Rowing","3","1","0","2","3","1.00"
"New Zealand",2008,"Sailing","1","1","0","0","1","1.00"
"New Zealand",2012,"Athletics","1","1","0","0","1","1.00"
"New Zealand",2012,"Canoeing","1","1","0","0","1","1.00"
"Germany",1936,"Handball","1","1","0","0","1","1.00"
"Cuba",2012,"Judo","3","1","2","0","3","1.00"
"New Zealand",2012,"Sailing","2","1","1","0","2","1.00"
"Germany",1936,"Modern Pentathlon","1","1","0","0","1","1.00"
"New Zealand",2016,"Canoeing","3","1","1","1","3","1.00"
"Germany",1936,"Sailing","3","1","1","1","3","1.00"
"Germany",1936,"Shooting","2","1","2","0","3","1.50"
"New Zealand",2016,"Sailing","4","1","2","1","4","1.00"
"Cuba",2012,"Shooting","1","1","0","0","1","1.00"
"Belgium",1920,"Football","1","1","0","0","1","1.00"
"Germany",1936,"Weightlifting","4","1","2","2","5","1.25"
"Argentina",1948,"Athletics","2","1","1","0","2","1.00"
"Cuba",2012,"Wrestling","2","1","0","1","2","1.00"
"Australia",1984,"Cycling","1","1","0","0","1","1.00"
"Burundi",1996,"Athletics","1","1","0","0","1","1.00"
"Nigeria",1996,"Athletics","4","1","1","2","4","1.00"
"Belgium",1920,"Sailing","2","1","1","1","3","1.50"
"Nigeria",1996,"Football","1","1","0","0","1","1.00"
"Nigeria",2000,"Athletics","2","1","1","0","2","1.00"
"Australia",2016,"Modern Pentathlon","1","1","0","0","1","1.00"
"Australia",2016,"Rowing","3","1","2","0","3","1.00"
"Cameroon",2000,"Football","1","1","0","0","1","1.00"
"Cameroon",2004,"Athletics","1","1","0","0","1","1.00"
"Czech Republic",1924,"Gymnastics","5","1","4","4","9","1.80"
"Germany",1956,"Boxing","2","1","1","0","2","1.00"
"Germany",1956,"Canoeing","4","1","2","1","4","1.00"
"Cameroon",2008,"Athletics","1","1","0","0","1","1.00"
"North Korea",1972,"Shooting","1","1","0","0","1","1.00"
"Germany",1956,"Gymnastics","1","1","0","0","1","1.00"
"North Korea",1976,"Boxing","2","1","1","0","2","1.00"
"Canada",1904,"Athletics","1","1","0","0","1","1.00"
"Czech Republic",1928,"Equestrianism","1","1","0","0","1","1.00"
"Germany",1956,"Swimming","1","1","0","1","2","2.00"
"North Korea",1992,"Boxing","2","1","0","1","2","1.00"
"North Korea",1992,"Gymnastics","1","1","0","0","1","1.00"
"Czech Republic",1928,"Gymnastics","4","1","3","1","5","1.25"
"North Korea",1996,"Judo","1","1","0","0","1","1.00"
"Canada",1904,"Football","1","1","0","0","1","1.00"
"North Korea",1996,"Wrestling","2","1","0","1","2","1.00"
"Germany",1960,"Canoeing","3","1","2","0","3","1.00"
"Canada",1904,"Golf","1","1","0","0","1","1.00"
"Germany",1960,"Equestrianism","2","1","0","1","2","1.00"
"Germany",1960,"Fencing","2","1","0","1","2","1.00"
"Canada",1904,"Lacrosse","1","1","0","1","2","2.00"
"Germany",1960,"Shooting","2","1","0","1","2","1.00"
"Australia",2016,"Rugby Sevens","1","1","0","0","1","1.00"
"North Korea",2008,"Gymnastics","1","1","0","0","1","1.00"
"Germany",1960,"Wrestling","4","1","3","0","4","1.00"
"North Korea",2008,"Weightlifting","2","1","0","1","2","1.00"
"North Korea",2012,"Judo","1","1","0","0","1","1.00"
"North Korea",2016,"Gymnastics","1","1","0","0","1","1.00"
"Czech Republic",1932,"Weightlifting","1","1","1","0","2","2.00"
"North Korea",2016,"Weightlifting","4","1","3","0","4","1.00"
"Germany",1964,"Cycling","2","1","0","1","2","1.00"
"Germany",1964,"Diving","2","1","1","0","2","1.00"
"Norway",1912,"Athletics","1","1","0","0","1","1.00"
"Norway",1912,"Gymnastics","2","1","0","1","2","1.00"
"Canada",1908,"Athletics","6","1","1","4","6","1.00"
"Australia",2016,"Sailing","4","1","3","0","4","1.00"
"Czech Republic",1936,"Gymnastics","2","1","1","0","2","1.00"
"Norway",1920,"Athletics","1","1","0","0","1","1.00"
"Germany",1964,"Rowing","4","1","2","1","4","1.00"
"Germany",1964,"Sailing","2","1","1","0","2","1.00"
"Canada",1908,"Lacrosse","1","1","0","0","1","1.00"
"Belgium",1920,"Weightlifting","2","1","1","1","3","1.50"
"Germany",1968,"Boxing","2","1","0","1","2","1.00"
"Norway",1924,"Boxing","2","1","0","1","2","1.00"
"Germany",1968,"Canoeing","3","1","2","0","3","1.00"
"Czech Republic",1948,"Athletics","2","1","1","0","2","1.00"
"Norway",1928,"Sailing","2","1","1","0","2","1.00"
"Germany",1968,"Equestrianism","3","1","1","2","4","1.33"
"Czech Republic",1948,"Boxing","1","1","0","0","1","1.00"
"Norway",1936,"Shooting","1","1","0","0","1","1.00"
"Germany",1968,"Shooting","4","1","1","3","5","1.25"
"Norway",1948,"Sailing","1","1","0","0","1","1.00"
"Norway",1952,"Sailing","3","1","2","0","3","1.00"
"Norway",1956,"Athletics","3","1","0","2","3","1.00"
"Norway",1960,"Sailing","1","1","0","0","1","1.00"
"Norway",1968,"Canoeing","1","1","0","0","1","1.00"
"Germany",1972,"Boxing","2","1","0","2","3","1.50"
"Norway",1972,"Cycling","1","1","0","0","1","1.00"
"Germany",1972,"Cycling","4","1","2","2","5","1.25"
"Norway",1972,"Weightlifting","1","1","0","0","1","1.00"
"Norway",1976,"Rowing","2","1","1","0","2","1.00"
"Czech Republic",1948,"Gymnastics","4","1","0","3","4","1.00"
"Germany",1972,"Hockey","1","1","0","0","1","1.00"
"Czech Republic",1952,"Boxing","1","1","0","0","1","1.00"
"Norway",1988,"Shooting","1","1","0","0","1","1.00"
"Norway",1988,"Wrestling","1","1","0","0","1","1.00"
"Czech Republic",1952,"Canoeing","3","1","1","1","3","1.00"
"Germany",1972,"Shooting","2","1","0","2","3","1.50"
"Norway",1992,"Sailing","1","1","0","0","1","1.00"
"Norway",1992,"Wrestling","1","1","0","0","1","1.00"
"Norway",1996,"Athletics","2","1","0","1","2","1.00"
"Norway",1996,"Canoeing","2","1","1","0","2","1.00"
"Canada",1908,"Shooting","3","1","2","1","4","1.33"
"Czech Republic",1952,"Rowing","1","1","0","0","1","1.00"
"Belgium",1924,"Boxing","2","1","0","1","2","1.00"
"Norway",2000,"Athletics","2","1","1","0","2","1.00"
"Norway",2000,"Football","1","1","0","0","1","1.00"
"Germany",1976,"Boxing","2","1","1","1","3","1.50"
"Czech Republic",1956,"Athletics","2","1","0","1","2","1.00"
"Norway",2004,"Athletics","1","1","0","0","1","1.00"
"Norway",2004,"Canoeing","2","1","0","1","2","1.00"
"Norway",2004,"Cycling","1","1","0","0","1","1.00"
"Norway",2004,"Rowing","1","1","0","0","1","1.00"
"Norway",2004,"Sailing","1","1","0","0","1","1.00"
"Norway",2008,"Athletics","2","1","1","0","2","1.00"
"Norway",2008,"Handball","1","1","0","0","1","1.00"
"Norway",2008,"Rowing","1","1","0","0","1","1.00"
"Germany",1976,"Football","1","1","0","0","1","1.00"
"Canada",1912,"Athletics","5","1","2","2","5","1.00"
"Norway",2012,"Canoeing","1","1","0","0","1","1.00"
"Australia",2016,"Shooting","1","1","0","0","1","1.00"
"Norway",2012,"Handball","1","1","0","0","1","1.00"
"Pakistan",1960,"Hockey","1","1","0","0","1","1.00"
"Canada",1920,"Athletics","1","1","0","0","1","1.00"
"Czech Republic",1960,"Boxing","2","1","0","1","2","1.00"
"Pakistan",1968,"Hockey","1","1","0","0","1","1.00"
"Germany",1980,"Boxing","6","1","0","5","6","1.00"
"Pakistan",1984,"Hockey","1","1","0","0","1","1.00"
"Panama",2008,"Athletics","1","1","0","0","1","1.00"
"Czech Republic",1960,"Gymnastics","2","1","1","0","2","1.00"
"Peru",1948,"Shooting","1","1","0","0","1","1.00"
"Germany",1980,"Handball","2","1","0","1","2","1.00"
"Germany",1980,"Judo","5","1","0","4","5","1.00"
"Czech Republic",1960,"Rowing","2","1","0","1","2","1.00"
"Canada",1920,"Boxing","4","1","2","2","5","1.25"
"Canada",1920,"Ice Hockey","1","1","0","0","1","1.00"
"Czech Republic",1964,"Cycling","1","1","0","0","1","1.00"
"Belgium",1924,"Fencing","4","1","2","1","4","1.00"
"Germany",1984,"Canoeing","3","1","1","1","3","1.00"
"Germany",1984,"Cycling","5","1","2","2","5","1.00"
"Poland",1928,"Art Competitions","2","1","0","1","2","1.00"
"Poland",1928,"Athletics","1","1","0","0","1","1.00"
"Belgium",1924,"Sailing","1","1","0","0","1","1.00"
"Poland",1932,"Art Competitions","2","1","1","0","2","1.00"
"Germany",1984,"Judo","3","1","0","2","3","1.00"
"Germany",1984,"Rowing","3","1","1","1","3","1.00"
"Czech Republic",1964,"Weightlifting","1","1","0","0","1","1.00"
"Czech Republic",1968,"Athletics","2","1","0","1","2","1.00"
"Poland",1948,"Art Competitions","1","1","0","0","1","1.00"
"Poland",1952,"Boxing","2","1","1","0","2","1.00"
"Germany",1984,"Wrestling","3","1","2","0","3","1.00"
"Poland",1956,"Athletics","2","1","1","0","2","1.00"
"Poland",1960,"Boxing","7","1","3","3","7","1.00"
"Czech Republic",1968,"Diving","1","1","0","0","1","1.00"
"Germany",1988,"Gymnastics","7","1","3","4","8","1.14"
"Poland",1960,"Weightlifting","1","1","0","1","2","2.00"
"Czech Republic",1968,"Shooting","1","1","0","0","1","1.00"
"Poland",1964,"Fencing","3","1","1","1","3","1.00"
"Poland",1964,"Weightlifting","3","1","0","3","4","1.33"
"Poland",1968,"Athletics","2","1","0","1","2","1.00"
"Poland",1968,"Boxing","5","1","2","2","5","1.00"
"Germany",1988,"Sailing","1","1","0","0","1","1.00"
"Poland",1968,"Fencing","3","1","0","2","3","1.00"
"Poland",1968,"Shooting","1","1","0","0","1","1.00"
"Poland",1968,"Weightlifting","4","1","0","4","5","1.25"
"Poland",1972,"Athletics","3","1","0","2","3","1.00"
"Poland",1972,"Boxing","4","1","1","2","4","1.00"
"Germany",1988,"Tennis","2","1","0","1","2","1.00"
"Germany",1988,"Weightlifting","5","1","2","3","6","1.20"
"Poland",1972,"Football","1","1","0","0","1","1.00"
"Australia",1924,"Athletics","1","1","0","0","1","1.00"
"Poland",1972,"Shooting","1","1","0","0","1","1.00"
"Poland",1972,"Weightlifting","3","1","1","1","3","1.00"
"Poland",1976,"Boxing","5","1","0","4","5","1.00"
"Australia",1924,"Diving","1","1","0","0","1","1.00"
"Poland",1976,"Modern Pentathlon","1","1","0","0","1","1.00"
"Poland",1976,"Volleyball","1","1","0","0","1","1.00"
"Czech Republic",1972,"Athletics","2","1","0","1","2","1.00"
"Poland",1976,"Wrestling","3","1","0","2","3","1.00"
"Germany",1992,"Hockey","2","1","1","0","2","1.00"
"Australia",1924,"Swimming","3","1","1","2","4","1.33"
"Poland",1980,"Equestrianism","2","1","1","0","2","1.00"
"Germany",1992,"Swimming","10","1","3","7","11","1.10"
"Australia",1984,"Swimming","12","1","5","6","12","1.00"
"Germany",1992,"Tennis","2","1","1","0","2","1.00"
"Germany",1992,"Weightlifting","3","1","0","2","3","1.00"
"Germany",1992,"Wrestling","3","1","2","0","3","1.00"
"Australia",1984,"Weightlifting","2","1","1","0","2","1.00"
"Canada",1932,"Athletics","8","1","3","5","9","1.13"
"Poland",1988,"Judo","2","1","1","0","2","1.00"
"Germany",1996,"Cycling","2","1","0","1","2","1.00"
"Poland",1988,"Wrestling","3","1","1","1","3","1.00"
"Czech Republic",1972,"Wrestling","1","1","0","0","1","1.00"
"Canada",1932,"Boxing","1","1","0","0","1","1.00"
"Germany",1996,"Gymnastics","1","1","0","0","1","1.00"
"Germany",1996,"Judo","5","1","0","4","5","1.00"
"Poland",1992,"Judo","1","1","0","0","1","1.00"
"Germany",1996,"Sailing","1","1","0","0","1","1.00"
"Czech Republic",1976,"Cycling","1","1","0","0","1","1.00"
"Australia",1988,"Athletics","2","1","1","0","2","1.00"
"Austria",1928,"Art Competitions","1","1","0","0","1","1.00"
"Poland",1996,"Athletics","2","1","1","0","2","1.00"
"Czech Republic",1976,"Shooting","1","1","0","0","1","1.00"
"Poland",1996,"Judo","2","1","1","0","2","1.00"
"Poland",1996,"Sailing","1","1","0","0","1","1.00"
"Poland",1996,"Shooting","3","1","1","1","3","1.00"
"Belgium",1948,"Athletics","2","1","0","1","2","1.00"
"Canada",1936,"Canoeing","3","1","1","1","3","1.00"
"Poland",2000,"Rowing","1","1","0","0","1","1.00"
"Poland",2000,"Shooting","1","1","0","0","1","1.00"
"Poland",2004,"Athletics","2","1","0","1","2","1.00"
"Czech Republic",1980,"Football","1","1","0","0","1","1.00"
"Poland",2004,"Rowing","1","1","0","0","1","1.00"
"Poland",2004,"Swimming","3","1","2","0","3","1.00"
"Belgium",1948,"Cycling","3","1","1","1","3","1.00"
"Poland",2008,"Athletics","2","1","1","0","2","1.00"
"Austria",1932,"Fencing","1","1","0","0","1","1.00"
"Poland",2008,"Gymnastics","1","1","0","0","1","1.00"
"Poland",2008,"Rowing","2","1","1","0","2","1.00"
"Australia",1928,"Rowing","1","1","0","0","1","1.00"
"Czech Republic",1980,"Weightlifting","2","1","0","1","2","1.00"
"Poland",2012,"Athletics","2","1","1","0","2","1.00"
"Algeria",1992,"Athletics","1","1","0","0","1","1.00"
"Czech Republic",1988,"Athletics","2","1","1","0","2","1.00"
"Czech Republic",1988,"Shooting","2","1","1","0","2","1.00"
"Czech Republic",1988,"Tennis","3","1","1","1","3","1.00"
"Poland",2012,"Weightlifting","2","1","0","1","2","1.00"
"Canada",1952,"Shooting","1","1","0","0","1","1.00"
"Poland",2016,"Athletics","3","1","1","1","3","1.00"
"Germany",2004,"Cycling","6","1","1","4","6","1.00"
"Poland",2016,"Rowing","2","1","0","1","2","1.00"
"Czech Republic",1992,"Canoeing","2","1","1","0","2","1.00"
"Germany",2004,"Equestrianism","4","1","1","2","4","1.00"
"Austria",1936,"Art Competitions","3","1","1","2","4","1.33"
"Czech Republic",1992,"Shooting","2","1","0","1","2","1.00"
"Czech Republic",1996,"Athletics","3","1","0","2","3","1.00"
"Germany",2004,"Hockey","2","1","0","1","2","1.00"
"Germany",2004,"Judo","4","1","0","3","4","1.00"
"Portugal",1984,"Athletics","3","1","0","2","3","1.00"
"Portugal",1988,"Athletics","1","1","0","0","1","1.00"
"Portugal",1996,"Athletics","1","1","0","0","1","1.00"
"Germany",2004,"Trampolining","2","1","0","1","2","1.00"
"Australia",1988,"Hockey","1","1","0","0","1","1.00"
"Germany",2008,"Cycling","3","1","1","1","3","1.00"
"Portugal",2008,"Athletics","1","1","0","0","1","1.00"
"Czech Republic",2000,"Athletics","2","1","1","0","2","1.00"
"Canada",1956,"Rowing","2","1","1","0","2","1.00"
"Czech Republic",2000,"Canoeing","2","1","0","1","2","1.00"
"Germany",2008,"Hockey","1","1","0","0","1","1.00"
"Germany",2008,"Judo","1","1","0","0","1","1.00"
"Germany",2008,"Modern Pentathlon","1","1","0","0","1","1.00"
"Canada",1956,"Shooting","1","1","0","1","2","2.00"
"Australia",1988,"Swimming","3","1","1","1","3","1.00"
"Puerto Rico",2016,"Tennis","1","1","0","0","1","1.00"
"Czech Republic",2004,"Athletics","3","1","0","2","3","1.00"
"Belgium",1964,"Athletics","1","1","0","0","1","1.00"
"Germany",2008,"Triathlon","1","1","0","0","1","1.00"
"Germany",2008,"Weightlifting","1","1","0","0","1","1.00"
"Belgium",1964,"Cycling","2","1","0","1","2","1.00"
"Germany",2012,"Athletics","6","1","4","3","8","1.33"
"Germany",2012,"Beach Volleyball","1","1","0","0","1","1.00"
"Romania",1952,"Shooting","2","1","0","1","2","1.00"
"Romania",1956,"Boxing","4","1","2","1","4","1.00"
"Germany",2012,"Cycling","6","1","4","1","6","1.00"
"Romania",1956,"Shooting","1","1","0","1","2","2.00"
"Romania",1960,"Athletics","2","1","0","1","2","1.00"
"Canada",1964,"Rowing","1","1","0","0","1","1.00"
"Canada",1968,"Equestrianism","1","1","0","0","1","1.00"
"Germany",2012,"Hockey","1","1","0","0","1","1.00"
"Australia",1932,"Cycling","1","1","0","0","1","1.00"
"Romania",1960,"Shooting","1","1","0","0","1","1.00"
"Romania",1960,"Wrestling","3","1","1","1","3","1.00"
"Czech Republic",2008,"Athletics","1","1","0","0","1","1.00"
"Australia",1932,"Rowing","1","1","0","0","1","1.00"
"Australia",1992,"Canoeing","3","1","1","1","3","1.00"
"Romania",1968,"Canoeing","3","1","1","1","3","1.00"
"Romania",1968,"Fencing","2","1","0","1","2","1.00"
"Germany",2016,"Beach Volleyball","1","1","0","0","1","1.00"
"Czech Republic",2012,"Athletics","2","1","0","1","2","1.00"
"Romania",1972,"Canoeing","4","1","2","1","4","1.00"
"Germany",2016,"Cycling","2","1","0","1","2","1.00"
"Austria",1936,"Weightlifting","1","1","0","0","1","1.00"
"Germany",2016,"Football","2","1","1","0","2","1.00"
"Germany",2016,"Gymnastics","2","1","0","1","2","1.00"
"Romania",1976,"Canoeing","4","1","1","2","4","1.00"
"Czech Republic",2012,"Cycling","1","1","0","0","1","1.00"
"Czech Republic",2012,"Modern Pentathlon","1","1","0","0","1","1.00"
"Czech Republic",2012,"Rowing","2","1","1","0","2","1.00"
"Austria",1948,"Art Competitions","2","1","2","1","4","2.00"
"Romania",1980,"Canoeing","5","1","2","2","5","1.00"
"Austria",1948,"Athletics","2","1","0","1","2","1.00"
"Romania",1980,"Rowing","3","1","0","2","3","1.00"
"Romania",1980,"Shooting","1","1","0","0","1","1.00"
"Belgium",1980,"Judo","1","1","0","0","1","1.00"
"Romania",1980,"Wrestling","4","1","1","2","4","1.00"
"Belgium",1984,"Cycling","1","1","0","0","1","1.00"
"Australia",1992,"Cycling","5","1","4","0","5","1.00"
"Czech Republic",2016,"Judo","1","1","0","0","1","1.00"
"Canada",1984,"Diving","1","1","0","0","1","1.00"
"Greece",1904,"Weightlifting","1","1","0","0","1","1.00"
"Romania",1988,"Athletics","2","1","1","0","2","1.00"
"Australia",1932,"Swimming","2","1","1","0","2","1.00"
"Romania",1988,"Rowing","7","1","4","2","7","1.00"
"Romania",1988,"Shooting","1","1","0","0","1","1.00"
"Canada",1984,"Rhythmic Gymnastics","1","1","0","0","1","1.00"
"Greece",1912,"Athletics","2","1","0","1","2","1.00"
"Romania",1988,"Wrestling","1","1","0","0","1","1.00"
"Canada",1984,"Rowing","6","1","2","3","6","1.00"
"Greece",1924,"Art Competitions","1","1","0","0","1","1.00"
"Greece",1960,"Sailing","1","1","0","0","1","1.00"
"Canada",1984,"Shooting","1","1","0","0","1","1.00"
"Denmark",1912,"Rowing","2","1","0","1","2","1.00"
"Argentina",1924,"Polo","1","1","0","0","1","1.00"
"Greece",1980,"Wrestling","2","1","0","1","2","1.00"
"Romania",1996,"Fencing","2","1","1","0","2","1.00"
"Romania",1996,"Gymnastics","7","1","4","4","9","1.29"
"Australia",1992,"Swimming","8","1","3","5","9","1.13"
"Romania",2000,"Athletics","4","1","2","2","5","1.25"
"Austria",1960,"Shooting","1","1","0","0","1","1.00"
"Romania",2000,"Canoeing","3","1","0","2","3","1.00"
"Romania",2000,"Fencing","1","1","0","0","1","1.00"
"Greece",1992,"Athletics","1","1","0","0","1","1.00"
"Greece",1992,"Weightlifting","1","1","0","0","1","1.00"
"Belgium",1996,"Judo","4","1","1","2","4","1.00"
"Greece",1996,"Gymnastics","1","1","0","0","1","1.00"
"Romania",2004,"Swimming","2","1","0","1","2","1.00"
"Romania",2008,"Athletics","1","1","0","0","1","1.00"
"Greece",1996,"Sailing","1","1","0","0","1","1.00"
"Romania",2008,"Gymnastics","2","1","0","1","2","1.00"
"Romania",2008,"Judo","1","1","0","0","1","1.00"
"Romania",2008,"Rowing","2","1","0","1","2","1.00"
"Romania",2012,"Gymnastics","3","1","1","1","3","1.00"
"Greece",2000,"Athletics","4","1","3","0","4","1.00"
"Romania",2012,"Shooting","1","1","0","0","1","1.00"
"Canada",1988,"Boxing","3","1","1","1","3","1.00"
"Romania",2016,"Fencing","1","1","0","0","1","1.00"
"Denmark",1920,"Diving","1","1","0","0","1","1.00"
"Greece",2000,"Taekwondo","1","1","0","0","1","1.00"
"Russia",1908,"Figure Skating","1","1","0","0","1","1.00"
"Denmark",1920,"Gymnastics","2","1","1","0","2","1.00"
"Greece",2004,"Diving","1","1","0","0","1","1.00"
"Greece",2004,"Gymnastics","1","1","0","0","1","1.00"
"Greece",2004,"Judo","1","1","0","0","1","1.00"
"Argentina",2012,"Taekwondo","1","1","0","0","1","1.00"
"Greece",2004,"Sailing","2","1","1","0","2","1.00"
"Denmark",1920,"Shooting","3","1","2","0","3","1.00"
"Russia",1952,"Rowing","3","1","2","0","3","1.00"
"Russia",1952,"Shooting","3","1","1","2","4","1.33"
"Belgium",1996,"Swimming","1","1","0","0","1","1.00"
"Australia",1948,"Athletics","6","1","3","2","6","1.00"
"Russia",1956,"Football","1","1","0","0","1","1.00"
"Russia",1956,"Modern Pentathlon","1","1","0","0","1","1.00"
"Denmark",1924,"Boxing","3","1","2","0","3","1.00"
"Canada",1992,"Athletics","3","1","1","1","3","1.00"
"Russia",1960,"Boxing","5","1","2","2","5","1.00"
"Russia",1960,"Cycling","5","1","0","4","5","1.00"
"Denmark",1924,"Fencing","1","1","0","1","2","2.00"
"Russia",1960,"Equestrianism","1","1","0","0","1","1.00"
"Australia",1948,"Rowing","1","1","0","0","1","1.00"
"Russia",1960,"Sailing","2","1","1","0","2","1.00"
"Argentina",2016,"Hockey","1","1","0","0","1","1.00"
"Greece",2016,"Athletics","1","1","0","0","1","1.00"
"Greece",2016,"Gymnastics","1","1","0","0","1","1.00"
"Greece",2016,"Shooting","2","1","0","1","2","1.00"
"Russia",1964,"Modern Pentathlon","2","1","1","1","3","1.50"
"Russia",1964,"Swimming","3","1","1","2","4","1.33"
"Russia",1964,"Volleyball","2","1","1","0","2","1.00"
"Grenada",2012,"Athletics","1","1","0","0","1","1.00"
"Canada",1992,"Swimming","2","1","0","1","2","1.00"
"Russia",1968,"Equestrianism","2","1","1","0","2","1.00"
"Canada",1992,"Synchronized Swimming","2","1","1","0","2","1.00"
"Russia",1968,"Rowing","2","1","0","1","2","1.00"
"Russia",1968,"Sailing","1","1","0","0","1","1.00"
"Belgium",2004,"Tennis","1","1","0","0","1","1.00"
"Russia",1972,"Basketball","1","1","0","0","1","1.00"
"Russia",1972,"Diving","1","1","0","0","1","1.00"
"Russia",1972,"Equestrianism","2","1","1","0","2","1.00"
"Belgium",2008,"Athletics","2","1","1","0","2","1.00"
"Russia",1972,"Judo","4","1","1","2","4","1.00"
"Russia",1972,"Modern Pentathlon","2","1","1","1","3","1.50"
"Russia",1972,"Sailing","2","1","0","1","2","1.00"
"Russia",1972,"Shooting","4","1","2","1","4","1.00"
"Russia",1972,"Volleyball","2","1","0","1","2","1.00"
"Russia",1972,"Water Polo","1","1","0","0","1","1.00"
"Australia",1996,"Equestrianism","1","1","0","0","1","1.00"
"Russia",1976,"Basketball","2","1","0","1","2","1.00"
"Austria",1980,"Equestrianism","1","1","0","0","1","1.00"
"Russia",1976,"Cycling","2","1","1","0","2","1.00"
"Russia",1976,"Diving","3","1","0","2","3","1.00"
"Hungary",1908,"Wrestling","1","1","0","0","1","1.00"
"Australia",1996,"Hockey","2","1","0","1","2","1.00"
"Russia",1976,"Rowing","9","1","4","4","9","1.00"
"Russia",1976,"Shooting","2","1","1","1","3","1.50"
"Russia",1976,"Swimming","6","1","3","5","9","1.50"
"Belgium",2016,"Athletics","1","1","0","0","1","1.00"
"Russia",1980,"Archery","2","1","2","0","3","1.50"
"Russia",1980,"Basketball","2","1","0","1","2","1.00"
"Russia",1980,"Boxing","8","1","6","1","8","1.00"
"Hungary",1912,"Shooting","1","1","0","0","1","1.00"
"Russia",1980,"Handball","2","1","1","0","2","1.00"
"Canada",1996,"Rowing","6","1","4","1","6","1.00"
"Russia",1980,"Rowing","12","1","9","2","12","1.00"
"Russia",1980,"Sailing","3","1","1","1","3","1.00"
"Russia",1980,"Water Polo","1","1","0","0","1","1.00"
"Belgium",2016,"Cycling","2","1","0","1","2","1.00"
"Russia",1988,"Basketball","2","1","0","1","2","1.00"
"Russia",1988,"Boxing","4","1","1","2","4","1.00"
"Russia",1988,"Fencing","5","1","1","3","5","1.00"
"Russia",1988,"Football","1","1","0","0","1","1.00"
"Russia",1988,"Handball","2","1","0","1","2","1.00"
"Hungary",1924,"Fencing","3","1","1","2","4","1.33"
"Russia",1988,"Rhythmic Gymnastics","1","1","0","1","2","2.00"
"Hungary",1924,"Shooting","1","1","0","0","1","1.00"
"Austria",1984,"Judo","2","1","0","1","2","1.00"
"Russia",1988,"Volleyball","2","1","1","0","2","1.00"
"Denmark",1948,"Canoeing","3","1","2","0","3","1.00"
"Hungary",1928,"Art Competitions","1","1","0","0","1","1.00"
"Russia",1992,"Basketball","1","1","0","0","1","1.00"
"Russia",1992,"Canoeing","2","1","1","0","2","1.00"
"Hungary",1928,"Boxing","1","1","0","0","1","1.00"
"Russia",1992,"Fencing","5","1","2","2","5","1.00"
"Russia",1992,"Handball","2","1","0","1","2","1.00"
"Russia",1992,"Rhythmic Gymnastics","1","1","0","1","2","2.00"
"Austria",1988,"Judo","1","1","0","0","1","1.00"
"Hungary",1928,"Wrestling","2","1","1","0","2","1.00"
"Brazil",1920,"Shooting","3","1","1","1","3","1.00"
"Russia",1996,"Boxing","4","1","0","3","4","1.00"
"Hungary",1932,"Boxing","1","1","0","0","1","1.00"
"Russia",1996,"Cycling","2","1","1","0","2","1.00"
"Russia",1996,"Diving","2","1","1","0","2","1.00"
"Denmark",1948,"Rowing","4","1","2","1","4","1.00"
"Denmark",1948,"Sailing","2","1","0","1","2","1.00"
"Hungary",1932,"Water Polo","1","1","0","0","1","1.00"
"Russia",2000,"Cycling","4","1","1","2","4","1.00"
"Russia",2000,"Handball","1","1","0","0","1","1.00"
"Russia",2000,"Modern Pentathlon","1","1","0","0","1","1.00"
"Hungary",1936,"Athletics","1","1","0","0","1","1.00"
"Russia",2000,"Shooting","4","1","3","2","6","1.50"
"Hungary",1936,"Boxing","1","1","0","0","1","1.00"
"Argentina",2016,"Judo","1","1","0","0","1","1.00"
"Russia",2000,"Tennis","2","1","1","0","2","1.00"
"Brazil",1952,"Athletics","2","1","0","1","2","1.00"
"Denmark",1952,"Canoeing","1","1","0","0","1","1.00"
"Hungary",1936,"Swimming","2","1","0","1","2","1.00"
"Hungary",1936,"Water Polo","1","1","0","0","1","1.00"
"Russia",2004,"Fencing","4","1","0","3","4","1.00"
"Russia",2004,"Modern Pentathlon","1","1","0","0","1","1.00"
"Russia",2004,"Rowing","1","1","0","0","1","1.00"
"Hungary",1948,"Gymnastics","4","1","2","2","5","1.25"
"Canada",2000,"Tennis","1","1","0","0","1","1.00"
"Hungary",1948,"Shooting","1","1","0","0","1","1.00"
"Russia",2004,"Weightlifting","4","1","2","4","7","1.75"
"Brazil",1956,"Athletics","1","1","0","0","1","1.00"
"Denmark",1952,"Sailing","1","1","0","0","1","1.00"
"Russia",2008,"Canoeing","3","1","1","1","3","1.00"
"Hungary",1948,"Wrestling","4","1","1","2","4","1.00"
"Hungary",1952,"Athletics","4","1","0","4","5","1.25"
"Russia",2008,"Fencing","1","1","0","0","1","1.00"
"Hungary",1952,"Boxing","1","1","0","0","1","1.00"
"Canada",2000,"Triathlon","1","1","0","0","1","1.00"
"Russia",2008,"Modern Pentathlon","1","1","0","0","1","1.00"
"Russia",2008,"Swimming","4","1","1","2","4","1.00"
"Russia",2008,"Tennis","1","1","1","1","3","3.00"
"Hungary",1952,"Football","1","1","0","0","1","1.00"
"Hungary",1952,"Modern Pentathlon","2","1","1","1","3","1.50"
"Hungary",1952,"Shooting","2","1","1","1","3","1.50"
"Russia",2012,"Boxing","6","1","2","3","6","1.00"
"Russia",2012,"Canoeing","3","1","0","2","3","1.00"
"Russia",2012,"Diving","2","1","1","0","2","1.00"
"Hungary",1952,"Water Polo","1","1","0","0","1","1.00"
"Russia",2012,"Gymnastics","7","1","3","4","8","1.14"
"Canada",2000,"Wrestling","1","1","0","0","1","1.00"
"Hungary",1956,"Boxing","1","1","0","0","1","1.00"
"Hungary",1956,"Canoeing","7","1","3","3","7","1.00"
"Russia",2012,"Volleyball","1","1","0","0","1","1.00"
"Denmark",1956,"Sailing","2","1","1","0","2","1.00"
"Russia",2016,"Boxing","4","1","0","3","4","1.00"
"Hungary",1956,"Water Polo","1","1","0","0","1","1.00"
"Denmark",1960,"Canoeing","2","1","0","1","2","1.00"
"Russia",2016,"Gymnastics","8","1","4","3","8","1.00"
"Russia",2016,"Handball","1","1","0","0","1","1.00"
"Russia",2016,"Modern Pentathlon","1","1","0","0","1","1.00"
"Canada",2004,"Canoeing","3","1","0","2","3","1.00"
"Hungary",1960,"Boxing","1","1","0","0","1","1.00"
"Hungary",1960,"Canoeing","6","1","3","2","6","1.00"
"Russia",2016,"Tennis","1","1","0","0","1","1.00"
"Denmark",1960,"Sailing","3","1","2","0","3","1.00"
"Canada",2004,"Cycling","2","1","1","0","2","1.00"
"Australia",1996,"Tennis","1","1","0","0","1","1.00"
"Denmark",1964,"Rowing","1","1","0","0","1","1.00"
"Serbia",1928,"Gymnastics","5","1","1","3","5","1.00"
"Denmark",1964,"Sailing","2","1","0","1","2","1.00"
"Canada",2004,"Gymnastics","1","1","0","0","1","1.00"
"Hungary",1964,"Football","1","1","0","0","1","1.00"
"Serbia",1952,"Rowing","1","1","0","0","1","1.00"
"Denmark",1968,"Cycling","4","1","3","0","4","1.00"
"Hungary",1964,"Modern Pentathlon","2","1","0","1","2","1.00"
"Hungary",1964,"Shooting","2","1","0","1","2","1.00"
"Hungary",1964,"Water Polo","1","1","0","0","1","1.00"
"Serbia",1960,"Football","1","1","0","0","1","1.00"
"Australia",1952,"Swimming","1","1","0","0","1","1.00"
"Serbia",1964,"Gymnastics","2","1","0","1","2","1.00"
"Serbia",1964,"Wrestling","2","1","0","1","2","1.00"
"Serbia",1968,"Gymnastics","1","1","0","0","1","1.00"
"Serbia",1968,"Swimming","2","1","1","0","2","1.00"
"Serbia",1968,"Water Polo","1","1","0","0","1","1.00"
"Serbia",1972,"Boxing","2","1","0","1","2","1.00"
"Serbia",1972,"Handball","1","1","0","0","1","1.00"
"Hungary",1968,"Football","1","1","0","0","1","1.00"
"Hungary",1968,"Modern Pentathlon","2","1","1","0","2","1.00"
"Serbia",1976,"Canoeing","2","1","0","1","2","1.00"
"Denmark",1972,"Cycling","1","1","0","0","1","1.00"
"Serbia",1976,"Wrestling","2","1","1","0","2","1.00"
"Serbia",1980,"Basketball","2","1","0","1","2","1.00"
"Serbia",1980,"Boxing","1","1","0","0","1","1.00"
"Australia",2000,"Archery","1","1","0","0","1","1.00"
"Denmark",1976,"Sailing","1","1","0","0","1","1.00"
"Hungary",1972,"Boxing","4","1","2","1","4","1.00"
"Austria",2004,"Sailing","2","1","1","0","2","1.00"
"Serbia",1984,"Boxing","4","1","1","2","4","1.00"
"Serbia",1984,"Canoeing","3","1","2","0","3","1.00"
"Denmark",1980,"Sailing","2","1","1","0","2","1.00"
"Denmark",1980,"Shooting","1","1","0","0","1","1.00"
"Serbia",1984,"Water Polo","1","1","0","0","1","1.00"
"Hungary",1972,"Modern Pentathlon","2","1","1","0","2","1.00"
"Australia",2000,"Athletics","3","1","2","0","3","1.00"
"Argentina",2016,"Sailing","1","1","0","0","1","1.00"
"Austria",2004,"Triathlon","1","1","0","0","1","1.00"
"Hungary",1972,"Weightlifting","4","1","1","3","5","1.25"
"Serbia",1988,"Water Polo","1","1","0","0","1","1.00"
"Hungary",1972,"Wrestling","5","1","0","4","5","1.00"
"Hungary",1976,"Athletics","1","1","0","0","1","1.00"
"Serbia",1996,"Shooting","2","1","0","1","2","1.00"
"Canada",2008,"Equestrianism","2","1","1","0","2","1.00"
"Hungary",1976,"Fencing","3","1","0","2","3","1.00"
"Serbia",2000,"Volleyball","1","1","0","0","1","1.00"
"Hungary",1976,"Gymnastics","2","1","0","1","2","1.00"
"Canada",2008,"Rowing","4","1","1","2","4","1.00"
"Denmark",1988,"Cycling","1","1","0","0","1","1.00"
"Denmark",1988,"Sailing","2","1","0","1","2","1.00"
"Hungary",1976,"Water Polo","1","1","0","0","1","1.00"
"Australia",2000,"Beach Volleyball","1","1","0","0","1","1.00"
"Serbia",2012,"Taekwondo","1","1","0","0","1","1.00"
"Australia",2000,"Cycling","6","1","2","3","6","1.00"
"Hungary",1980,"Canoeing","3","1","1","1","3","1.00"
"Hungary",1980,"Gymnastics","2","1","0","1","2","1.00"
"Canada",2008,"Wrestling","2","1","0","1","2","1.00"
"Denmark",1992,"Sailing","2","1","0","1","2","1.00"
"Serbia",2016,"Water Polo","1","1","0","0","1","1.00"
"Serbia",2016,"Wrestling","1","1","0","0","1","1.00"
"Slovakia",1996,"Canoeing","2","1","1","0","2","1.00"
"Denmark",1996,"Badminton","1","1","0","0","1","1.00"
"Slovakia",2000,"Canoeing","2","1","1","1","3","1.50"
"Hungary",1980,"Shooting","1","1","0","0","1","1.00"
"Hungary",1980,"Swimming","3","1","2","1","4","1.33"
"Algeria",1996,"Athletics","1","1","0","0","1","1.00"
"Hungary",1980,"Weightlifting","2","1","0","1","2","1.00"
"Denmark",1996,"Handball","1","1","0","0","1","1.00"
"Slovakia",2016,"Athletics","1","1","0","0","1","1.00"
"Slovakia",2016,"Canoeing","3","1","2","0","3","1.00"
"Hungary",1988,"Fencing","3","1","0","2","3","1.00"
"Hungary",1988,"Gymnastics","1","1","0","0","1","1.00"
"Slovenia",2000,"Rowing","1","1","0","0","1","1.00"
"Slovenia",2000,"Shooting","1","1","0","0","1","1.00"
"Denmark",1996,"Rowing","2","1","0","1","2","1.00"
"Denmark",1996,"Sailing","1","1","0","0","1","1.00"
"Hungary",1988,"Wrestling","2","1","1","0","2","1.00"
"Slovenia",2008,"Athletics","1","1","0","0","1","1.00"
"Brazil",1984,"Athletics","1","1","0","0","1","1.00"
"Hungary",1992,"Canoeing","6","1","3","2","6","1.00"
"Hungary",1992,"Fencing","3","1","2","0","3","1.00"
"Hungary",1992,"Gymnastics","2","1","1","0","2","1.00"
"Hungary",1992,"Judo","4","1","2","1","4","1.00"
"Slovenia",2012,"Judo","1","1","0","0","1","1.00"
"Australia",2000,"Equestrianism","2","1","1","0","2","1.00"
"Slovenia",2016,"Judo","2","1","0","1","2","1.00"
"Hungary",1996,"Athletics","1","1","0","0","1","1.00"
"South Africa",1908,"Athletics","2","1","1","0","2","1.00"
"South Africa",1912,"Athletics","1","1","1","0","2","2.00"
"South Africa",1912,"Cycling","1","1","0","0","1","1.00"
"South Africa",1920,"Athletics","3","1","1","1","3","1.00"
"South Africa",1920,"Boxing","1","1","0","0","1","1.00"
"Hungary",1996,"Boxing","1","1","0","0","1","1.00"
"South Africa",1920,"Tennis","1","1","0","1","2","2.00"
"Denmark",2000,"Handball","1","1","0","0","1","1.00"
"South Africa",1924,"Boxing","1","1","0","0","1","1.00"
"South Africa",1928,"Athletics","1","1","0","0","1","1.00"
"Australia",2000,"Hockey","2","1","0","1","2","1.00"
"Denmark",2000,"Sailing","1","1","0","0","1","1.00"
"Azerbaijan",2000,"Shooting","1","1","0","0","1","1.00"
"Azerbaijan",2000,"Wrestling","1","1","0","0","1","1.00"
"Armenia",1996,"Wrestling","2","1","1","0","2","1.00"
"South Africa",1952,"Athletics","2","1","1","0","2","1.00"
"Hungary",2000,"Fencing","1","1","0","0","1","1.00"
"South Africa",1952,"Swimming","1","1","0","0","1","1.00"
"Hungary",2000,"Gymnastics","1","1","0","0","1","1.00"
"Denmark",2004,"Handball","1","1","0","0","1","1.00"
"Denmark",2004,"Rowing","1","1","0","0","1","1.00"
"Australia",1956,"Cycling","2","1","0","1","2","1.00"
"Hungary",2000,"Swimming","1","1","0","0","1","1.00"
"Hungary",2000,"Water Polo","1","1","0","0","1","1.00"
"Canada",2012,"Trampolining","1","1","0","0","1","1.00"
"South Africa",1996,"Athletics","2","1","1","0","2","1.00"
"Azerbaijan",2004,"Wrestling","1","1","0","0","1","1.00"
"Brazil",1988,"Judo","1","1","0","0","1","1.00"
"Hungary",2004,"Fencing","3","1","2","0","3","1.00"
"South Africa",2004,"Swimming","3","1","1","1","3","1.00"
"Hungary",2004,"Modern Pentathlon","1","1","0","0","1","1.00"
"Hungary",2004,"Shooting","1","1","0","0","1","1.00"
"Canada",2016,"Athletics","6","1","1","4","6","1.00"
"South Africa",2012,"Rowing","1","1","0","0","1","1.00"
"Hungary",2004,"Water Polo","1","1","0","0","1","1.00"
"Denmark",2008,"Rowing","2","1","0","1","2","1.00"
"Hungary",2004,"Wrestling","1","1","0","0","1","1.00"
"Denmark",2008,"Sailing","1","1","0","0","1","1.00"
"Hungary",2008,"Water Polo","1","1","0","0","1","1.00"
"Brazil",1992,"Judo","1","1","0","0","1","1.00"
"Hungary",2012,"Athletics","1","1","0","0","1","1.00"
"Hungary",2012,"Fencing","1","1","0","0","1","1.00"
"Hungary",2012,"Gymnastics","1","1","0","0","1","1.00"
"Denmark",2012,"Cycling","1","1","0","0","1","1.00"
"Denmark",2012,"Rowing","3","1","1","1","3","1.00"
"Azerbaijan",2008,"Judo","2","1","0","1","2","1.00"
"Brazil",1992,"Volleyball","1","1","0","0","1","1.00"
"South Korea",1976,"Wrestling","2","1","0","1","2","1.00"
"South Korea",1984,"Archery","1","1","0","1","2","2.00"
"South Korea",1984,"Boxing","3","1","1","1","3","1.00"
"South Korea",1988,"Handball","2","1","1","0","2","1.00"
"Australia",2000,"Shooting","3","1","1","1","3","1.00"
"Argentina",1952,"Rowing","1","1","0","0","1","1.00"
"Canada",2016,"Swimming","6","1","1","4","6","1.00"
"South Korea",1992,"Athletics","1","1","0","0","1","1.00"
"Canada",2016,"Trampolining","1","1","0","0","1","1.00"
"India",1928,"Hockey","1","1","0","0","1","1.00"
"South Korea",1992,"Handball","1","1","0","0","1","1.00"
"South Korea",1992,"Judo","4","1","1","2","4","1.00"
"India",1932,"Hockey","1","1","0","0","1","1.00"
"South Korea",1992,"Weightlifting","1","1","0","0","1","1.00"
"India",1936,"Hockey","1","1","0","0","1","1.00"
"India",1948,"Hockey","1","1","0","0","1","1.00"
"India",1952,"Hockey","1","1","0","0","1","1.00"
"Denmark",2016,"Handball","1","1","0","0","1","1.00"
"India",1956,"Hockey","1","1","0","0","1","1.00"
"Canada",2016,"Wrestling","1","1","0","0","1","1.00"
"South Korea",1996,"Wrestling","4","1","3","0","4","1.00"
"India",1964,"Hockey","1","1","0","0","1","1.00"
"Brazil",1996,"Beach Volleyball","1","1","1","0","2","2.00"
"South Korea",2000,"Fencing","2","1","0","1","2","1.00"
"Denmark",2016,"Swimming","2","1","0","1","2","1.00"
"India",1980,"Hockey","1","1","0","0","1","1.00"
"Australia",2000,"Taekwondo","2","1","1","0","2","1.00"
"South Korea",2000,"Wrestling","4","1","2","1","4","1.00"
"South Korea",2004,"Badminton","3","1","2","1","4","1.33"
"Dominican Republic",2004,"Athletics","1","1","0","0","1","1.00"
"India",2008,"Shooting","1","1","0","0","1","1.00"
"Dominican Republic",2008,"Boxing","1","1","0","0","1","1.00"
"South Korea",2004,"Judo","3","1","1","1","3","1.00"
"South Korea",2004,"Table Tennis","3","1","1","1","3","1.00"
"Dominican Republic",2012,"Athletics","2","1","1","0","2","1.00"
"South Korea",2004,"Wrestling","2","1","1","0","2","1.00"
"South Korea",2008,"Badminton","3","1","1","1","3","1.00"
"South Korea",2008,"Baseball","1","1","0","0","1","1.00"
"Algeria",2012,"Athletics","1","1","0","0","1","1.00"
"Ecuador",1996,"Athletics","1","1","0","0","1","1.00"
"South Korea",2008,"Judo","4","1","2","1","4","1.00"
"South Korea",2008,"Shooting","2","1","1","0","2","1.00"
"South Korea",2008,"Swimming","2","1","1","0","2","1.00"
"Egypt",1928,"Weightlifting","1","1","0","0","1","1.00"
"Individual Olympic Athletes",2016,"Shooting","2","1","0","1","2","1.00"
"Egypt",1928,"Wrestling","1","1","0","0","1","1.00"
"Indonesia",1996,"Badminton","2","1","1","2","4","2.00"
"South Korea",2012,"Gymnastics","1","1","0","0","1","1.00"
"Indonesia",2000,"Badminton","3","1","2","0","3","1.00"
"South Korea",2012,"Taekwondo","2","1","1","0","2","1.00"
"South Korea",2012,"Wrestling","1","1","0","0","1","1.00"
"Indonesia",2004,"Badminton","2","1","0","2","3","1.50"
"South Korea",2016,"Fencing","2","1","0","1","2","1.00"
"South Korea",2016,"Golf","1","1","0","0","1","1.00"
"South Korea",2016,"Shooting","2","1","1","0","2","1.00"
"Indonesia",2008,"Badminton","3","1","1","1","3","1.00"
"Azerbaijan",2016,"Taekwondo","3","1","0","2","3","1.00"
"Australia",1960,"Athletics","4","1","2","1","4","1.00"
"Indonesia",2016,"Badminton","1","1","0","0","1","1.00"
"Spain",1928,"Equestrianism","1","1","0","0","1","1.00"
"Australia",2000,"Water Polo","1","1","0","0","1","1.00"
"China",1984,"Diving","3","1","1","1","3","1.00"
"China",1984,"Fencing","1","1","0","0","1","1.00"
"Egypt",2004,"Wrestling","1","1","0","0","1","1.00"
"Bahamas",1964,"Sailing","1","1","0","0","1","1.00"
"China",1984,"Volleyball","1","1","0","0","1","1.00"
"Iran",1968,"Weightlifting","2","1","1","0","2","1.00"
"Spain",1980,"Sailing","1","1","0","0","1","1.00"
"Iran",1968,"Wrestling","3","1","0","2","3","1.00"
"Argentina",1928,"Swimming","1","1","0","0","1","1.00"
"Estonia",1920,"Weightlifting","2","1","1","0","2","1.00"
"Spain",1984,"Sailing","1","1","0","0","1","1.00"
"Spain",1988,"Sailing","1","1","0","0","1","1.00"
"China",1988,"Gymnastics","2","1","0","1","2","1.00"
"Iran",1996,"Wrestling","3","1","1","1","3","1.00"
"Spain",1992,"Archery","1","1","0","0","1","1.00"
"Estonia",1924,"Wrestling","2","1","0","1","2","1.00"
"Spain",1992,"Cycling","1","1","0","0","1","1.00"
"Spain",1992,"Football","1","1","0","0","1","1.00"
"Spain",1992,"Hockey","1","1","0","0","1","1.00"
"Spain",1992,"Swimming","1","1","0","0","1","1.00"
"Iran",2000,"Wrestling","1","1","0","0","1","1.00"
"Iran",2004,"Taekwondo","2","1","0","1","2","1.00"
"Iran",2004,"Weightlifting","1","1","0","0","1","1.00"
"Spain",1996,"Cycling","1","1","1","0","2","2.00"
"Iran",2008,"Taekwondo","1","1","0","0","1","1.00"
"Bahamas",2004,"Athletics","2","1","0","1","2","1.00"
"Spain",1996,"Rhythmic Gymnastics","1","1","0","0","1","1.00"
"Spain",1996,"Water Polo","1","1","0","0","1","1.00"
"Iran",2012,"Weightlifting","3","1","2","1","4","1.33"
"Spain",2000,"Cycling","2","1","0","1","2","1.00"
"Spain",2000,"Gymnastics","1","1","0","0","1","1.00"
"Spain",2000,"Judo","1","1","0","0","1","1.00"
"Iran",2016,"Wrestling","5","1","1","3","5","1.00"
"Estonia",1992,"Cycling","1","1","0","0","1","1.00"
"Ireland",1928,"Athletics","1","1","0","0","1","1.00"
"Spain",2004,"Canoeing","2","1","1","0","2","1.00"
"Brazil",2004,"Beach Volleyball","2","1","1","0","2","1.00"
"Estonia",2000,"Athletics","1","1","0","0","1","1.00"
"Spain",2004,"Gymnastics","2","1","0","1","2","1.00"
"Spain",2004,"Sailing","3","1","2","0","3","1.00"
"Ireland",1956,"Athletics","1","1","0","0","1","1.00"
"Brazil",2004,"Equestrianism","1","1","0","0","1","1.00"
"China",1992,"Athletics","3","1","1","2","4","1.33"
"Spain",2008,"Canoeing","3","1","2","0","3","1.00"
"Bahamas",2012,"Athletics","1","1","0","0","1","1.00"
"Bahamas",2016,"Athletics","2","1","0","1","2","1.00"
"Estonia",2008,"Athletics","1","1","0","0","1","1.00"
"Ireland",1992,"Boxing","2","1","1","0","2","1.00"
"Spain",2008,"Sailing","2","1","1","0","2","1.00"
"Spain",2008,"Tennis","2","1","1","0","2","1.00"
"Ireland",2012,"Boxing","4","1","1","2","4","1.00"
"China",1992,"Judo","3","1","0","2","3","1.00"
"Spain",2012,"Taekwondo","3","1","2","0","3","1.00"
"Ethiopia",1960,"Athletics","1","1","0","0","1","1.00"
"Ethiopia",1964,"Athletics","1","1","0","0","1","1.00"
"Ethiopia",1968,"Athletics","2","1","1","0","2","1.00"
"Spain",2016,"Athletics","2","1","1","0","2","1.00"
"Spain",2016,"Badminton","1","1","0","0","1","1.00"
"Brazil",2004,"Volleyball","1","1","0","0","1","1.00"
"Israel",2004,"Sailing","1","1","0","0","1","1.00"
"Spain",2016,"Swimming","2","1","0","1","2","1.00"
"Ethiopia",1992,"Athletics","3","1","0","2","3","1.00"
"Spain",2016,"Tennis","1","1","0","0","1","1.00"
"Italy",1908,"Gymnastics","1","1","0","0","1","1.00"
"Suriname",1988,"Swimming","1","1","0","0","1","1.00"
"Italy",1908,"Wrestling","1","1","0","0","1","1.00"
"Sweden",1908,"Diving","1","1","1","1","3","3.00"
"Sweden",1908,"Figure Skating","1","1","1","1","3","3.00"
"Sweden",1908,"Gymnastics","1","1","0","0","1","1.00"
"Italy",1912,"Fencing","1","1","1","0","2","2.00"
"Sweden",1908,"Wrestling","1","1","1","0","2","2.00"
"Sweden",1912,"Cycling","1","1","0","0","1","1.00"
"Sweden",1912,"Gymnastics","1","1","0","0","1","1.00"
"Sweden",1912,"Modern Pentathlon","1","1","1","1","3","3.00"
"Italy",1920,"Art Competitions","2","1","1","0","2","1.00"
"Sweden",1912,"Sailing","4","1","2","1","4","1.00"
"Sweden",1912,"Tug-Of-War","1","1","0","0","1","1.00"
"Italy",1920,"Cycling","1","1","0","0","1","1.00"
"Sweden",1912,"Wrestling","3","1","2","1","4","1.33"
"Sweden",1920,"Athletics","12","1","3","10","14","1.17"
"Sweden",1920,"Cycling","2","1","1","0","2","1.00"
"Sweden",1920,"Diving","3","1","2","2","5","1.67"
"Sweden",1920,"Gymnastics","1","1","0","0","1","1.00"
"Sweden",1920,"Modern Pentathlon","1","1","1","1","3","3.00"
"Sweden",1920,"Shooting","9","1","6","3","10","1.11"
"Italy",1920,"Equestrianism","4","1","2","2","5","1.25"
"Italy",1920,"Rowing","2","1","1","0","2","1.00"
"Italy",1920,"Weightlifting","2","1","1","0","2","1.00"
"Italy",1924,"Athletics","2","1","1","0","2","1.00"
"Italy",1924,"Cycling","1","1","0","0","1","1.00"
"Sweden",1924,"Modern Pentathlon","1","1","1","1","3","3.00"
"Ethiopia",2016,"Athletics","7","1","2","5","8","1.14"
"Italy",1924,"Fencing","2","1","0","1","2","1.00"
"Sweden",1924,"Wrestling","3","1","2","1","4","1.33"
"Sweden",1928,"Athletics","7","1","2","4","7","1.00"
"Fiji",2016,"Rugby Sevens","1","1","0","0","1","1.00"
"Brazil",2008,"Athletics","2","1","0","1","2","1.00"
"Sweden",1928,"Modern Pentathlon","1","1","1","0","2","2.00"
"Sweden",1928,"Sailing","2","1","0","1","2","1.00"
"Sweden",1928,"Swimming","2","1","0","1","2","1.00"
"Sweden",1932,"Art Competitions","1","1","0","0","1","1.00"
"Italy",1928,"Cycling","1","1","0","0","1","1.00"
"Sweden",1932,"Modern Pentathlon","1","1","1","0","2","2.00"
"Sweden",1932,"Sailing","2","1","0","1","2","1.00"
"Sweden",1932,"Shooting","1","1","0","0","1","1.00"
"Finland",1908,"Wrestling","2","1","1","1","3","1.50"
"Italy",1928,"Rowing","2","1","0","1","2","1.00"
"Sweden",1936,"Canoeing","2","1","0","1","2","1.00"
"Italy",1932,"Athletics","3","1","0","2","3","1.00"
"Sweden",1936,"Shooting","2","1","0","1","2","1.00"
"Sweden",1948,"Art Competitions","2","1","0","1","2","1.00"
"Australia",1964,"Athletics","5","1","1","4","6","1.20"
"Sweden",1948,"Football","1","1","0","0","1","1.00"
"Sweden",1948,"Modern Pentathlon","1","1","0","1","2","2.00"
"Italy",1932,"Shooting","1","1","0","1","2","2.00"
"Sweden",1952,"Athletics","3","1","0","2","3","1.00"
"Sweden",1952,"Canoeing","4","1","3","0","4","1.00"
"Italy",1932,"Wrestling","4","1","1","2","4","1.00"
"Italy",1936,"Art Competitions","5","1","4","0","5","1.00"
"Sweden",1952,"Modern Pentathlon","2","1","1","0","2","1.00"
"Italy",1936,"Athletics","5","1","2","2","5","1.00"
"Italy",1936,"Boxing","2","1","1","0","2","1.00"
"Finland",1920,"Figure Skating","1","1","0","0","1","1.00"
"Italy",1936,"Football","1","1","0","0","1","1.00"
"Sweden",1956,"Modern Pentathlon","1","1","0","0","1","1.00"
"Bahrain",2016,"Athletics","2","1","1","0","2","1.00"
"Argentina",2004,"Basketball","1","1","0","0","1","1.00"
"Italy",1936,"Sailing","1","1","0","0","1","1.00"
"Italy",1948,"Art Competitions","4","1","1","2","4","1.00"
"Sweden",1960,"Canoeing","2","1","0","1","2","1.00"
"Italy",1948,"Athletics","4","1","3","1","5","1.25"
"Italy",1948,"Boxing","5","1","2","2","5","1.00"
"Italy",1948,"Fencing","5","1","4","1","6","1.20"
"Italy",1948,"Rowing","4","1","1","2","4","1.00"
"Italy",1948,"Water Polo","1","1","0","0","1","1.00"
"Italy",1948,"Wrestling","3","1","0","2","3","1.00"
"Sweden",1968,"Modern Pentathlon","1","1","0","0","1","1.00"
"Sweden",1968,"Sailing","1","1","0","0","1","1.00"
"Italy",1952,"Athletics","2","1","1","0","2","1.00"
"Italy",1952,"Boxing","3","1","1","1","3","1.00"
"Sweden",1972,"Diving","2","1","1","0","2","1.00"
"Italy",1952,"Sailing","1","1","0","0","1","1.00"
"Sweden",1972,"Shooting","1","1","0","0","1","1.00"
"China",1996,"Athletics","4","1","2","1","4","1.00"
"Sweden",1976,"Athletics","1","1","0","0","1","1.00"
"Sweden",1976,"Cycling","1","1","0","0","1","1.00"
"Sweden",1976,"Fencing","1","1","0","0","1","1.00"
"Sweden",1976,"Sailing","1","1","0","0","1","1.00"
"Sweden",1980,"Fencing","1","1","0","0","1","1.00"
"China",1996,"Badminton","3","1","1","2","4","1.33"
"Sweden",2004,"Sailing","1","0","0","1","1","1.00"
"Sweden",2004,"Wrestling","1","0","1","0","1","1.00"
"Sweden",2008,"Cycling","2","0","2","0","2","1.00"
"Sweden",2008,"Equestrianism","1","0","1","0","1","1.00"
"Sweden",2008,"Sailing","1","0","0","1","1","1.00"
"Sweden",2008,"Tennis","1","0","1","0","1","1.00"
"Sweden",2012,"Equestrianism","1","0","1","0","1","1.00"
"Sweden",2012,"Handball","1","0","1","0","1","1.00"
"Sweden",2012,"Shooting","1","0","1","0","1","1.00"
"Sweden",2012,"Triathlon","1","0","1","0","1","1.00"
"Sweden",2012,"Wrestling","2","0","0","2","2","1.00"
"Sweden",2016,"Equestrianism","1","0","1","0","1","1.00"
"Sweden",2016,"Football","1","0","1","0","1","1.00"
"Sweden",2016,"Golf","1","0","1","0","1","1.00"
"Sweden",2016,"Shooting","1","0","1","0","1","1.00"
"Sweden",2016,"Wrestling","2","0","0","2","2","1.00"
"Switzerland",1904,"Wrestling","1","0","0","1","1","1.00"
"Switzerland",1920,"Shooting","5","0","0","5","5","1.00"
"Switzerland",1920,"Weightlifting","2","0","1","1","2","1.00"
"Switzerland",1924,"Athletics","2","0","2","0","2","1.00"
"Switzerland",1924,"Football","1","0","1","0","1","1.00"
"Switzerland",1924,"Shooting","1","0","0","1","1","1.00"
"Switzerland",1924,"Weightlifting","2","0","1","1","2","1.00"
"Switzerland",1928,"Art Competitions","2","0","2","0","2","1.00"
"Switzerland",1928,"Equestrianism","1","0","0","1","1","1.00"
"Switzerland",1932,"Gymnastics","1","0","1","0","1","1.00"
"Switzerland",1936,"Athletics","1","0","1","0","1","1.00"
"Switzerland",1936,"Cycling","2","0","1","1","2","1.00"
"Switzerland",1936,"Handball","1","0","0","1","1","1.00"
"Switzerland",1936,"Rowing","2","0","1","1","2","1.00"
"Switzerland",1948,"Art Competitions","2","0","2","0","2","1.00"
"Switzerland",1948,"Athletics","2","0","1","1","2","1.00"
"Switzerland",1948,"Fencing","1","0","1","0","1","1.00"
"Switzerland",1948,"Rowing","2","0","2","0","2","1.00"
"Switzerland",1948,"Wrestling","3","0","1","2","3","1.00"
"Switzerland",1952,"Athletics","1","0","1","0","1","1.00"
"Switzerland",1952,"Equestrianism","1","0","1","0","1","1.00"
"Switzerland",1952,"Fencing","2","0","0","2","2","1.00"
"Switzerland",1952,"Rowing","2","0","1","1","2","1.00"
"Switzerland",1952,"Shooting","1","0","1","0","1","1.00"
"Switzerland",1956,"Equestrianism","1","0","0","1","1","1.00"
"Switzerland",1960,"Equestrianism","3","0","2","1","3","1.00"
"Switzerland",1960,"Rowing","1","0","0","1","1","1.00"
"Switzerland",1960,"Sailing","1","0","0","1","1","1.00"
"Switzerland",1960,"Shooting","1","0","1","0","1","1.00"
"Switzerland",1964,"Judo","1","0","1","0","1","1.00"
"Switzerland",1964,"Rowing","1","0","0","1","1","1.00"
"Switzerland",1968,"Cycling","1","0","0","1","1","1.00"
"Switzerland",1968,"Equestrianism","1","0","0","1","1","1.00"
"Switzerland",1968,"Rowing","1","0","0","1","1","1.00"
"Switzerland",1968,"Sailing","1","0","1","0","1","1.00"
"Switzerland",1968,"Shooting","1","0","0","1","1","1.00"
"Switzerland",1972,"Cycling","1","0","1","0","1","1.00"
"Switzerland",1972,"Fencing","1","0","1","0","1","1.00"
"Switzerland",1972,"Rowing","1","0","1","0","1","1.00"
"Switzerland",1976,"Fencing","1","0","0","1","1","1.00"
"Switzerland",1976,"Judo","1","0","0","1","1","1.00"
"Switzerland",1984,"Athletics","1","0","1","0","1","1.00"
"Switzerland",1984,"Cycling","1","0","1","0","1","1.00"
"Switzerland",1984,"Equestrianism","3","0","1","2","3","1.00"
"Switzerland",1984,"Shooting","1","0","1","0","1","1.00"
"Switzerland",1984,"Swimming","1","0","0","1","1","1.00"
"Switzerland",1984,"Wrestling","1","0","0","1","1","1.00"
"Switzerland",1988,"Athletics","1","0","0","1","1","1.00"
"Switzerland",1988,"Equestrianism","2","0","1","1","2","1.00"
"Switzerland",1988,"Rowing","1","0","1","0","1","1.00"
"Switzerland",1996,"Canoeing","1","0","1","0","1","1.00"
"Switzerland",1996,"Equestrianism","1","0","1","0","1","1.00"
"Switzerland",2000,"Cycling","2","0","1","1","2","1.00"
"Switzerland",2000,"Equestrianism","1","0","1","0","1","1.00"
"Switzerland",2000,"Fencing","2","0","2","0","2","1.00"
"Switzerland",2000,"Rowing","1","0","1","0","1","1.00"
"Switzerland",2000,"Shooting","1","0","1","0","1","1.00"
"Switzerland",2004,"Beach Volleyball","1","0","0","1","1","1.00"
"Switzerland",2004,"Cycling","2","0","1","1","2","1.00"
"Switzerland",2004,"Triathlon","1","0","0","1","1","1.00"
"Switzerland",2008,"Equestrianism","1","0","0","1","1","1.00"
"Switzerland",2008,"Judo","1","0","0","1","1","1.00"
"Switzerland",2012,"Cycling","1","0","1","0","1","1.00"
"Switzerland",2012,"Tennis","1","0","1","0","1","1.00"
"Switzerland",2016,"Gymnastics","1","0","0","1","1","1.00"
"Switzerland",2016,"Shooting","1","0","0","1","1","1.00"
"Switzerland",2016,"Tennis","1","0","1","0","1","1.00"
"Switzerland",2016,"Triathlon","1","0","1","0","1","1.00"
"Syria",1960,"Boxing","1","0","0","1","1","1.00"
"Syria",1960,"Wrestling","1","0","1","0","1","1.00"
"Syria",1984,"Wrestling","1","0","1","0","1","1.00"
"Syria",2004,"Boxing","1","0","0","1","1","1.00"
"Taiwan",1960,"Athletics","1","0","1","0","1","1.00"
"Taiwan",1968,"Athletics","1","0","0","1","1","1.00"
"Taiwan",1984,"Weightlifting","1","0","0","1","1","1.00"
"Taiwan",1992,"Baseball","1","0","1","0","1","1.00"
"Taiwan",1996,"Table Tennis","1","0","1","0","1","1.00"
"Taiwan",2000,"Table Tennis","1","0","0","1","1","1.00"
"Taiwan",2000,"Taekwondo","2","0","0","2","2","1.00"
"Taiwan",2000,"Weightlifting","2","0","1","1","2","1.00"
"Taiwan",2004,"Archery","2","0","1","1","2","1.00"
"Taiwan",2008,"Taekwondo","2","0","0","2","2","1.00"
"Taiwan",2008,"Weightlifting","2","0","0","2","2","1.00"
"Taiwan",2012,"Taekwondo","1","0","0","1","1","1.00"
"Taiwan",2012,"Weightlifting","1","0","1","0","1","1.00"
"Taiwan",2016,"Archery","1","0","0","1","1","1.00"
"Tajikistan",2008,"Judo","1","0","0","1","1","1.00"
"Tajikistan",2008,"Wrestling","1","0","1","0","1","1.00"
"Tajikistan",2012,"Boxing","1","0","0","1","1","1.00"
"Tanzania",1980,"Athletics","2","0","2","0","2","1.00"
"Thailand",1976,"Boxing","1","0","0","1","1","1.00"
"Thailand",1984,"Boxing","1","0","1","0","1","1.00"
"Thailand",1988,"Boxing","1","0","0","1","1","1.00"
"Thailand",1992,"Boxing","1","0","0","1","1","1.00"
"Thailand",2000,"Weightlifting","1","0","0","1","1","1.00"
"Thailand",2004,"Taekwondo","1","0","0","1","1","1.00"
"Thailand",2008,"Taekwondo","1","0","1","0","1","1.00"
"Thailand",2012,"Boxing","1","0","1","0","1","1.00"
"Thailand",2012,"Taekwondo","1","0","0","1","1","1.00"
"Thailand",2012,"Weightlifting","1","0","1","0","1","1.00"
"Thailand",2016,"Taekwondo","2","0","1","1","2","1.00"
"Togo",2008,"Canoeing","1","0","0","1","1","1.00"
"Tonga",1996,"Boxing","1","0","1","0","1","1.00"
"Trinidad",1948,"Weightlifting","1","0","1","0","1","1.00"
"Trinidad",1952,"Weightlifting","2","0","0","2","2","1.00"
"Trinidad",1960,"Athletics","2","0","0","2","2","1.00"
"Trinidad",1964,"Athletics","3","0","1","2","3","1.00"
"Trinidad",1996,"Athletics","2","0","0","2","2","1.00"
"Trinidad",2000,"Athletics","2","0","1","1","2","1.00"
"Trinidad",2004,"Swimming","1","0","0","1","1","1.00"
"Trinidad",2016,"Athletics","1","0","0","1","1","1.00"
"Tunisia",1964,"Athletics","1","0","1","0","1","1.00"
"Tunisia",1964,"Boxing","1","0","0","1","1","1.00"
"Tunisia",1972,"Athletics","1","0","1","0","1","1.00"
"Tunisia",1996,"Boxing","1","0","0","1","1","1.00"
"Tunisia",2012,"Athletics","1","0","1","0","1","1.00"
"Tunisia",2016,"Fencing","1","0","0","1","1","1.00"
"Tunisia",2016,"Taekwondo","1","0","0","1","1","1.00"
"Tunisia",2016,"Wrestling","1","0","0","1","1","1.00"
"Turkey",1948,"Athletics","1","0","0","1","1","1.00"
"Turkey",1972,"Wrestling","1","0","1","0","1","1.00"
"Turkey",1984,"Boxing","2","0","0","2","2","1.00"
"Turkey",1984,"Wrestling","1","0","0","1","1","1.00"
"Turkey",1988,"Wrestling","1","0","1","0","1","1.00"
"Turkey",1992,"Judo","1","0","0","1","1","1.00"
"Turkey",1996,"Boxing","1","0","1","0","1","1.00"
"Turkey",2000,"Taekwondo","1","0","0","1","1","1.00"
"Turkey",2004,"Athletics","1","0","0","1","1","1.00"
"Turkey",2004,"Boxing","1","0","1","0","1","1.00"
"Turkey",2004,"Taekwondo","1","0","1","0","1","1.00"
"Turkey",2004,"Wrestling","3","0","1","2","3","1.00"
"Turkey",2008,"Athletics","1","0","1","0","1","1.00"
"Turkey",2008,"Boxing","1","0","0","1","1","1.00"
"Turkey",2008,"Taekwondo","2","0","1","1","2","1.00"
"Turkey",2008,"Weightlifting","1","0","1","0","1","1.00"
"Turkey",2012,"Wrestling","1","0","0","1","1","1.00"
"Turkey",2016,"Athletics","1","0","0","1","1","1.00"
"Turkey",2016,"Taekwondo","1","0","0","1","1","1.00"
"Turkey",2016,"Weightlifting","1","0","1","0","1","1.00"
"Uganda",1968,"Boxing","2","0","1","1","2","1.00"
"Uganda",1972,"Boxing","1","0","1","0","1","1.00"
"Uganda",1980,"Boxing","1","0","1","0","1","1.00"
"Uganda",1996,"Athletics","1","0","0","1","1","1.00"
"UK",1908,"Fencing","1","0","1","0","1","1.00"
"UK",1908,"Gymnastics","1","0","1","0","1","1.00"
"UK",1908,"Jeu De Paume","1","0","1","1","2","2.00"
"UK",1908,"Lacrosse","1","0","1","0","1","1.00"
"UK",1908,"Rugby","1","0","1","0","1","1.00"
"UK",1912,"Cycling","2","0","2","0","2","1.00"
"UK",1912,"Diving","1","0","0","1","1","1.00"
"UK",1912,"Fencing","1","0","1","0","1","1.00"
"UK",1912,"Gymnastics","1","0","0","1","1","1.00"
"UK",1912,"Tug-Of-War","1","0","1","0","1","1.00"
"UK",1920,"Art Competitions","1","0","1","0","1","1.00"
"UK",1920,"Diving","1","0","1","0","1","1.00"
"UK",1920,"Figure Skating","1","0","0","1","1","1.00"
"UK",1920,"Rowing","2","0","2","0","2","1.00"
"UK",1920,"Swimming","2","0","1","1","2","1.00"
"UK",1920,"Wrestling","2","0","0","2","2","1.00"
"UK",1924,"Art Competitions","1","0","1","0","1","1.00"
"UK",1924,"Cycling","1","0","1","1","2","2.00"
"UK",1924,"Diving","1","0","0","1","1","1.00"
"UK",1924,"Fencing","1","0","1","0","1","1.00"
"UK",1924,"Polo","1","0","0","1","1","1.00"
"UK",1924,"Sailing","1","0","1","0","1","1.00"
"UK",1924,"Tennis","2","0","1","2","3","1.50"
"UK",1924,"Wrestling","1","0","0","1","1","1.00"
"UK",1928,"Cycling","4","0","3","1","4","1.00"
"UK",1928,"Fencing","1","0","1","0","1","1.00"
"UK",1928,"Gymnastics","1","0","0","1","1","1.00"
"UK",1928,"Swimming","3","0","2","2","4","1.33"
"UK",1928,"Wrestling","1","0","0","1","1","1.00"
"UK",1932,"Cycling","2","0","1","1","2","1.00"
"UK",1932,"Fencing","1","0","1","0","1","1.00"
"UK",1932,"Sailing","1","0","1","0","1","1.00"
"UK",1932,"Swimming","2","0","0","2","2","1.00"
"UK",1936,"Cycling","1","0","0","1","1","1.00"
"UK",1936,"Equestrianism","1","0","0","1","1","1.00"
"UK",1936,"Polo","1","0","1","0","1","1.00"
"UK",1948,"Athletics","7","0","6","1","7","1.00"
"UK",1948,"Boxing","2","0","2","0","2","1.00"
"UK",1948,"Cycling","5","0","3","2","5","1.00"
"UK",1948,"Equestrianism","1","0","0","1","1","1.00"
"UK",1948,"Hockey","1","0","1","0","1","1.00"
"UK",1948,"Swimming","1","0","0","1","1","1.00"
"UK",1948,"Weightlifting","2","0","1","1","2","1.00"
"UK",1952,"Athletics","5","0","1","4","5","1.00"
"UK",1952,"Cycling","1","0","0","1","1","1.00"
"UK",1952,"Hockey","1","0","0","1","1","1.00"
"UK",1952,"Sailing","1","0","1","0","1","1.00"
"UK",1952,"Swimming","1","0","0","1","1","1.00"
"UK",1952,"Wrestling","1","0","0","1","1","1.00"
"UK",1956,"Cycling","3","0","1","2","3","1.00"
"UK",1956,"Sailing","3","0","1","2","3","1.00"
"UK",1960,"Boxing","3","0","0","3","3","1.00"
"UK",1960,"Diving","2","0","0","2","2","1.00"
"UK",1960,"Equestrianism","1","0","0","1","1","1.00"
"UK",1960,"Fencing","2","0","2","0","2","1.00"
"UK",1960,"Weightlifting","1","0","0","1","1","1.00"
"UK",1964,"Equestrianism","1","0","0","1","1","1.00"
"UK",1964,"Fencing","1","0","1","0","1","1.00"
"UK",1964,"Rowing","1","0","1","0","1","1.00"
"UK",1964,"Sailing","1","0","1","0","1","1.00"
"UK",1964,"Swimming","1","0","1","0","1","1.00"
"UK",1964,"Weightlifting","1","0","1","0","1","1.00"
"UK",1968,"Swimming","1","0","1","0","1","1.00"
"UK",1972,"Boxing","3","0","0","3","3","1.00"
"UK",1972,"Cycling","1","0","0","1","1","1.00"
"UK",1972,"Judo","3","0","1","2","3","1.00"
"UK",1972,"Shooting","1","0","0","1","1","1.00"
"UK",1972,"Swimming","1","0","1","0","1","1.00"
"UK",1976,"Athletics","1","0","0","1","1","1.00"
"UK",1976,"Boxing","1","0","0","1","1","1.00"
"UK",1976,"Cycling","1","0","0","1","1","1.00"
"UK",1976,"Judo","2","0","1","1","2","1.00"
"UK",1976,"Rowing","2","0","2","0","2","1.00"
"UK",1980,"Boxing","1","0","0","1","1","1.00"
"UK",1980,"Judo","2","0","1","1","2","1.00"
"UK",1980,"Rowing","3","0","1","2","3","1.00"
"UK",1984,"Boxing","1","0","0","1","1","1.00"
"UK",1984,"Equestrianism","3","0","2","1","3","1.00"
"UK",1984,"Hockey","1","0","0","1","1","1.00"
"UK",1984,"Judo","3","0","1","2","3","1.00"
"UK",1984,"Sailing","1","0","0","1","1","1.00"
"UK",1984,"Swimming","4","0","1","4","5","1.25"
"UK",1984,"Weightlifting","1","0","0","1","1","1.00"
"UK",1984,"Wrestling","1","0","0","1","1","1.00"
"UK",1988,"Archery","1","0","0","1","1","1.00"
"UK",1988,"Athletics","8","0","6","2","8","1.00"
"UK",1988,"Boxing","1","0","0","1","1","1.00"
"UK",1988,"Equestrianism","2","0","2","1","3","1.50"
"UK",1988,"Judo","1","0","0","1","1","1.00"
"UK",1988,"Modern Pentathlon","1","0","0","1","1","1.00"
"UK",1992,"Archery","2","0","0","2","2","1.00"
"UK",1992,"Boxing","1","0","0","1","1","1.00"
"UK",1992,"Canoeing","1","0","1","0","1","1.00"
"UK",1992,"Hockey","1","0","0","1","1","1.00"
"UK",1992,"Judo","4","0","2","2","4","1.00"
"UK",1992,"Sailing","1","0","0","1","1","1.00"
"UK",1992,"Swimming","1","0","0","1","1","1.00"
"UK",1996,"Athletics","6","0","4","2","6","1.00"
"UK",1996,"Cycling","2","0","0","2","2","1.00"
"UK",1996,"Sailing","2","0","2","0","2","1.00"
"UK",1996,"Swimming","2","0","1","1","2","1.00"
"UK",1996,"Tennis","1","0","1","0","1","1.00"
"UK",2000,"Badminton","1","0","0","1","1","1.00"
"UK",2000,"Canoeing","2","0","1","1","2","1.00"
"UK",2000,"Equestrianism","1","0","1","0","1","1.00"
"UK",2000,"Judo","1","0","1","0","1","1.00"
"UK",2004,"Archery","1","0","0","1","1","1.00"
"UK",2004,"Badminton","1","0","1","0","1","1.00"
"UK",2004,"Boxing","1","0","1","0","1","1.00"
"UK",2004,"Canoeing","3","0","1","2","3","1.00"
"UK",2004,"Diving","1","0","1","0","1","1.00"
"UK",2004,"Modern Pentathlon","1","0","0","1","1","1.00"
"UK",2004,"Swimming","2","0","0","2","2","1.00"
"UK",2008,"Equestrianism","2","0","0","2","2","1.00"
"UK",2008,"Gymnastics","1","0","0","1","1","1.00"
"UK",2008,"Modern Pentathlon","1","0","1","0","1","1.00"
"UK",2008,"Taekwondo","1","0","0","1","1","1.00"
"UK",2012,"Diving","1","0","0","1","1","1.00"
"UK",2012,"Gymnastics","3","0","1","3","4","1.33"
"UK",2012,"Hockey","1","0","0","1","1","1.00"
"UK",2012,"Judo","2","0","1","1","2","1.00"
"UK",2012,"Modern Pentathlon","1","0","1","0","1","1.00"
"UK",2012,"Swimming","3","0","1","2","3","1.00"
"UK",2016,"Badminton","1","0","0","1","1","1.00"
"UK",2016,"Judo","1","0","0","1","1","1.00"
"UK",2016,"Rugby Sevens","1","0","1","0","1","1.00"
"UK",2016,"Shooting","2","0","0","2","2","1.00"
"UK",2016,"Trampolining","1","0","1","0","1","1.00"
"Ukraine",1996,"Archery","1","0","0","1","1","1.00"
"Ukraine",1996,"Rowing","1","0","1","0","1","1.00"
"Ukraine",2000,"Archery","1","0","1","0","1","1.00"
"Ukraine",2000,"Athletics","2","0","0","2","2","1.00"
"Ukraine",2000,"Boxing","5","0","2","3","5","1.00"
"Ukraine",2000,"Cycling","2","0","1","1","2","1.00"
"Ukraine",2000,"Diving","1","0","0","1","1","1.00"
"Ukraine",2000,"Gymnastics","2","0","1","1","2","1.00"
"Ukraine",2000,"Judo","1","0","0","1","1","1.00"
"Ukraine",2000,"Sailing","1","0","0","1","1","1.00"
"Ukraine",2000,"Trampolining","1","0","1","0","1","1.00"
"Ukraine",2000,"Wrestling","2","0","2","0","2","1.00"
"Ukraine",2004,"Archery","1","0","0","1","1","1.00"
"Ukraine",2004,"Athletics","3","0","1","2","3","1.00"
"Ukraine",2004,"Canoeing","1","0","0","1","1","1.00"
"Ukraine",2004,"Fencing","1","0","0","1","1","1.00"
"Ukraine",2004,"Handball","1","0","0","1","1","1.00"
"Ukraine",2004,"Judo","1","0","1","0","1","1.00"
"Ukraine",2004,"Rhythmic Gymnastics","1","0","0","1","1","1.00"
"Ukraine",2004,"Rowing","1","0","0","1","1","1.00"
"Ukraine",2004,"Sailing","2","0","2","0","2","1.00"
"Ukraine",2008,"Cycling","1","0","0","1","1","1.00"
"Ukraine",2008,"Diving","1","0","0","1","1","1.00"
"Ukraine",2008,"Gymnastics","1","0","0","1","1","1.00"
"Ukraine",2008,"Judo","1","0","0","1","1","1.00"
"Ukraine",2008,"Modern Pentathlon","1","0","0","1","1","1.00"
"Ukraine",2008,"Rhythmic Gymnastics","1","0","0","1","1","1.00"
"Ukraine",2008,"Weightlifting","2","0","1","1","2","1.00"
"Ukraine",2008,"Wrestling","5","0","2","3","5","1.00"
"Ukraine",2012,"Athletics","3","0","1","2","3","1.00"
"Ukraine",2012,"Gymnastics","1","0","0","1","1","1.00"
"Ukraine",2012,"Shooting","2","0","0","2","2","1.00"
"Ukraine",2012,"Wrestling","1","0","1","0","1","1.00"
"Ukraine",2016,"Athletics","1","0","0","1","1","1.00"
"Ukraine",2016,"Fencing","2","0","1","1","2","1.00"
"Ukraine",2016,"Modern Pentathlon","1","0","1","0","1","1.00"
"Ukraine",2016,"Rhythmic Gymnastics","1","0","0","1","1","1.00"
"Ukraine",2016,"Shooting","1","0","1","0","1","1.00"
"Ukraine",2016,"Wrestling","1","0","1","0","1","1.00"
"United Arab Emirates",2016,"Judo","1","0","0","1","1","1.00"
"Uruguay",1932,"Rowing","1","0","0","1","1","1.00"
"Uruguay",1948,"Rowing","2","0","1","1","2","1.00"
"Uruguay",1952,"Basketball","1","0","0","1","1","1.00"
"Uruguay",1952,"Rowing","1","0","0","1","1","1.00"
"Uruguay",1956,"Basketball","1","0","0","1","1","1.00"
"Uruguay",1964,"Boxing","1","0","0","1","1","1.00"
"Uruguay",2000,"Cycling","1","0","1","0","1","1.00"
"USA",1904,"Football","1","0","1","1","2","2.00"
"USA",1904,"Lacrosse","1","0","1","0","1","1.00"
"USA",1908,"Archery","1","0","0","1","1","1.00"
"USA",1908,"Diving","1","0","0","1","1","1.00"
"USA",1912,"Cycling","2","0","0","2","2","1.00"
"USA",1912,"Equestrianism","1","0","0","1","1","1.00"
"USA",1920,"Fencing","1","0","0","1","1","1.00"
"USA",1920,"Figure Skating","1","0","0","1","1","1.00"
"USA",1920,"Ice Hockey","1","0","1","0","1","1.00"
"USA",1920,"Polo","1","0","0","1","1","1.00"
"USA",1924,"Equestrianism","1","0","0","1","1","1.00"
"USA",1924,"Polo","1","0","1","0","1","1.00"
"USA",1924,"Water Polo","1","0","0","1","1","1.00"
"USA",1928,"Boxing","3","0","2","1","3","1.00"
"USA",1928,"Fencing","1","0","0","1","1","1.00"
"USA",1932,"Fencing","3","0","1","2","3","1.00"
"USA",1932,"Hockey","1","0","0","1","1","1.00"
"USA",1932,"Modern Pentathlon","1","0","0","1","1","1.00"
"USA",1932,"Water Polo","1","0","0","1","1","1.00"
"USA",1932,"Weightlifting","2","0","0","2","2","1.00"
"USA",1936,"Art Competitions","1","0","1","0","1","1.00"
"USA",1936,"Boxing","2","0","1","1","2","1.00"
"USA",1936,"Canoeing","1","0","0","1","1","1.00"
"USA",1936,"Equestrianism","1","0","1","0","1","1.00"
"USA",1936,"Modern Pentathlon","1","0","1","0","1","1.00"
"USA",1948,"Boxing","1","0","1","0","1","1.00"
"USA",1948,"Fencing","1","0","0","1","1","1.00"
"USA",1948,"Gymnastics","1","0","0","1","1","1.00"
"USA",1948,"Modern Pentathlon","1","0","1","0","1","1.00"
"USA",1952,"Equestrianism","2","0","0","2","2","1.00"
"USA",1956,"Modern Pentathlon","1","0","1","0","1","1.00"
"USA",1956,"Shooting","1","0","0","1","1","1.00"
"USA",1956,"Wrestling","2","0","1","1","2","1.00"
"USA",1960,"Equestrianism","1","0","1","0","1","1.00"
"USA",1960,"Fencing","1","0","0","1","1","1.00"
"USA",1960,"Modern Pentathlon","2","0","0","2","2","1.00"
"USA",1964,"Canoeing","2","0","1","1","2","1.00"
"USA",1964,"Equestrianism","1","0","1","0","1","1.00"
"USA",1964,"Judo","1","0","0","1","1","1.00"
"USA",1964,"Modern Pentathlon","1","0","1","0","1","1.00"
"USA",1964,"Sailing","5","0","2","3","5","1.00"
"USA",1964,"Weightlifting","2","0","1","1","2","1.00"
"USA",1964,"Wrestling","1","0","0","1","1","1.00"
"USA",1968,"Rowing","2","0","1","1","2","1.00"
"USA",1968,"Weightlifting","1","0","0","1","1","1.00"
"USA",1968,"Wrestling","2","0","2","0","2","1.00"
"USA",1972,"Basketball","1","0","1","0","1","1.00"
"USA",1972,"Canoeing","1","0","0","1","1","1.00"
"USA",1972,"Equestrianism","3","0","2","1","3","1.00"
"USA",1972,"Rowing","1","0","1","0","1","1.00"
"USA",1972,"Water Polo","1","0","0","1","1","1.00"
"USA",1976,"Gymnastics","1","0","0","1","1","1.00"
"USA",1976,"Judo","1","0","0","1","1","1.00"
"USA",1976,"Rowing","3","0","2","1","3","1.00"
"USA",1976,"Sailing","3","0","2","1","3","1.00"
"USA",1976,"Weightlifting","1","0","1","0","1","1.00"
"USA",1984,"Canoeing","1","0","0","1","1","1.00"
"USA",1984,"Fencing","1","0","0","1","1","1.00"
"USA",1984,"Hockey","1","0","0","1","1","1.00"
"USA",1984,"Judo","2","0","1","1","2","1.00"
"USA",1984,"Modern Pentathlon","1","0","1","0","1","1.00"
"USA",1984,"Water Polo","1","0","1","0","1","1.00"
"USA",1984,"Weightlifting","2","0","1","1","2","1.00"
"USA",1988,"Cycling","1","0","0","1","1","1.00"
"USA",1988,"Equestrianism","2","0","2","0","2","1.00"
"USA",1988,"Gymnastics","1","0","0","1","1","1.00"
"USA",1988,"Judo","2","0","1","1","2","1.00"
"USA",1988,"Rowing","3","0","2","1","3","1.00"
"USA",1988,"Shooting","1","0","1","0","1","1.00"
"USA",1988,"Synchronized Swimming","2","0","2","0","2","1.00"
"USA",1988,"Water Polo","1","0","1","0","1","1.00"
"USA",1992,"Cycling","2","0","0","2","2","1.00"
"USA",1992,"Equestrianism","2","0","0","2","2","1.00"
"USA",1992,"Judo","1","0","1","0","1","1.00"
"USA",1992,"Rowing","3","0","2","1","3","1.00"
"USA",1992,"Volleyball","2","0","0","2","2","1.00"
"USA",1996,"Baseball","1","0","0","1","1","1.00"
"USA",1996,"Canoeing","1","0","1","0","1","1.00"
"USA",1996,"Cycling","3","0","2","1","3","1.00"
"USA",1996,"Diving","2","0","0","2","2","1.00"
"USA",1996,"Equestrianism","4","0","2","2","4","1.00"
"USA",1996,"Judo","1","0","0","1","1","1.00"
"USA",1996,"Rowing","4","0","3","1","4","1.00"
"USA",1996,"Sailing","2","0","0","2","2","1.00"
"USA",2000,"Archery","2","0","1","1","2","1.00"
"USA",2000,"Boxing","4","0","2","2","4","1.00"
"USA",2000,"Football","1","0","1","0","1","1.00"
"USA",2000,"Gymnastics","1","0","0","1","1","1.00"
"USA",2000,"Modern Pentathlon","1","0","1","0","1","1.00"
"USA",2000,"Rowing","3","0","1","2","3","1.00"
"USA",2000,"Water Polo","1","0","1","0","1","1.00"
"USA",2004,"Canoeing","1","0","1","0","1","1.00"
"USA",2004,"Cycling","2","0","2","0","2","1.00"
"USA",2004,"Judo","1","0","0","1","1","1.00"
"USA",2004,"Synchronized Swimming","2","0","0","2","2","1.00"
"USA",2004,"Tennis","1","0","1","0","1","1.00"
"USA",2004,"Triathlon","1","0","0","1","1","1.00"
"USA",2004,"Water Polo","1","0","0","1","1","1.00"
"USA",2008,"Baseball","1","0","0","1","1","1.00"
"USA",2008,"Boxing","1","0","0","1","1","1.00"
"USA",2008,"Judo","1","0","0","1","1","1.00"
"USA",2008,"Softball","1","0","1","0","1","1.00"
"USA",2008,"Taekwondo","3","0","1","2","3","1.00"
"USA",2008,"Water Polo","2","0","2","0","2","1.00"
"USA",2012,"Archery","1","0","1","0","1","1.00"
"USA",2012,"Fencing","1","0","0","1","1","1.00"
"USA",2012,"Taekwondo","2","0","0","2","2","1.00"
"USA",2012,"Volleyball","1","0","1","0","1","1.00"
"USA",2016,"Archery","2","0","1","1","2","1.00"
"USA",2016,"Beach Volleyball","1","0","0","1","1","1.00"
"USA",2016,"Diving","3","0","2","1","3","1.00"
"USA",2016,"Equestrianism","3","0","1","2","3","1.00"
"USA",2016,"Fencing","4","0","2","2","4","1.00"
"USA",2016,"Golf","1","0","0","1","1","1.00"
"USA",2016,"Sailing","1","0","0","1","1","1.00"
"USA",2016,"Taekwondo","1","0","0","1","1","1.00"
"USA",2016,"Volleyball","2","0","0","2","2","1.00"
"USA",2016,"Weightlifting","1","0","0","1","1","1.00"
"Uzbekistan",1996,"Boxing","1","0","0","1","1","1.00"
"Uzbekistan",1996,"Judo","1","0","1","0","1","1.00"
"Uzbekistan",2000,"Wrestling","1","0","1","0","1","1.00"
"Uzbekistan",2004,"Boxing","2","0","0","2","2","1.00"
"Uzbekistan",2008,"Gymnastics","1","0","0","1","1","1.00"
"Uzbekistan",2008,"Judo","2","0","1","1","2","1.00"
"Uzbekistan",2008,"Trampolining","1","0","0","1","1","1.00"
"Uzbekistan",2012,"Boxing","1","0","0","1","1","1.00"
"Uzbekistan",2012,"Judo","1","0","0","1","1","1.00"
"Uzbekistan",2016,"Judo","2","0","0","2","2","1.00"
"Uzbekistan",2016,"Wrestling","3","0","0","3","3","1.00"
"Venezuela",1952,"Athletics","1","0","0","1","1","1.00"
"Venezuela",1960,"Shooting","1","0","0","1","1","1.00"
"Venezuela",1976,"Boxing","1","0","1","0","1","1.00"
"Venezuela",1980,"Boxing","1","0","1","0","1","1.00"
"Venezuela",1984,"Boxing","2","0","0","2","2","1.00"
"Venezuela",1984,"Swimming","1","0","0","1","1","1.00"
"Venezuela",2004,"Taekwondo","1","0","0","1","1","1.00"
"Venezuela",2004,"Weightlifting","1","0","0","1","1","1.00"
"Venezuela",2008,"Taekwondo","1","0","0","1","1","1.00"
"Venezuela",2016,"Athletics","1","0","1","0","1","1.00"
"Venezuela",2016,"Boxing","1","0","0","1","1","1.00"
"Venezuela",2016,"Cycling","1","0","0","1","1","1.00"
"Vietnam",2000,"Taekwondo","1","0","1","0","1","1.00"
"Vietnam",2008,"Weightlifting","1","0","1","0","1","1.00"
"Virgin Islands, US",1988,"Sailing","1","0","1","0","1","1.00"
"Zambia",1984,"Boxing","1","0","0","1","1","1.00"
"Zambia",1996,"Athletics","1","0","1","0","1","1.00"
"Poland",1976,"Football","1","0","1","0","1","1.00"
"Afghanistan",2012,"Taekwondo","1","0","0","1","1","1.00"
"Algeria",1984,"Boxing","2","0","0","2","2","1.00"
"Algeria",1992,"Boxing","1","0","0","1","1","1.00"
"Algeria",2000,"Boxing","1","0","0","1","1","1.00"
"Algeria",2008,"Judo","2","0","1","1","2","1.00"
"Algeria",2016,"Athletics","2","0","2","0","2","1.00"
"Argentina",1924,"Athletics","1","0","1","0","1","1.00"
"Argentina",1924,"Boxing","4","0","2","2","4","1.00"
"Argentina",1928,"Fencing","1","0","0","1","1","1.00"
"Argentina",1928,"Football","1","0","1","0","1","1.00"
"Argentina",1936,"Rowing","1","0","0","1","1","1.00"
"Argentina",1936,"Swimming","1","0","1","0","1","1.00"
"Argentina",1948,"Sailing","1","0","1","0","1","1.00"
"Argentina",1948,"Shooting","1","0","1","0","1","1.00"
"Argentina",1952,"Athletics","1","0","1","0","1","1.00"
"Argentina",1952,"Boxing","2","0","1","1","2","1.00"
"Argentina",1952,"Weightlifting","1","0","0","1","1","1.00"
"Argentina",1956,"Boxing","1","0","0","1","1","1.00"
"Argentina",1956,"Weightlifting","1","0","1","0","1","1.00"
"Argentina",1960,"Boxing","1","0","0","1","1","1.00"
"Argentina",1960,"Sailing","1","0","1","0","1","1.00"
"Argentina",1964,"Equestrianism","1","0","1","0","1","1.00"
"Argentina",1968,"Boxing","1","0","0","1","1","1.00"
"Argentina",1968,"Rowing","1","0","0","1","1","1.00"
"Argentina",1972,"Rowing","1","0","1","0","1","1.00"
"Argentina",1988,"Tennis","1","0","1","0","1","1.00"
"Argentina",1988,"Volleyball","1","0","0","1","1","1.00"
"Argentina",1992,"Tennis","1","0","0","1","1","1.00"
"Argentina",1996,"Boxing","1","0","0","1","1","1.00"
"Argentina",1996,"Football","1","0","1","0","1","1.00"
"Argentina",1996,"Sailing","1","0","1","0","1","1.00"
"Argentina",2000,"Hockey","1","0","1","0","1","1.00"
"Argentina",2000,"Sailing","3","0","1","2","3","1.00"
"Argentina",2004,"Hockey","1","0","0","1","1","1.00"
"Argentina",2004,"Sailing","1","0","0","1","1","1.00"
"Argentina",2004,"Swimming","1","0","0","1","1","1.00"
"Argentina",2004,"Tennis","1","0","0","1","1","1.00"
"Argentina",2008,"Basketball","1","0","0","1","1","1.00"
"Argentina",2008,"Hockey","1","0","0","1","1","1.00"
"Argentina",2008,"Judo","1","0","0","1","1","1.00"
"Argentina",2008,"Sailing","1","0","0","1","1","1.00"
"Argentina",2012,"Hockey","1","0","1","0","1","1.00"
"Argentina",2012,"Sailing","1","0","0","1","1","1.00"
"Argentina",2012,"Tennis","1","0","0","1","1","1.00"
"Argentina",2016,"Tennis","1","0","1","0","1","1.00"
"Armenia",2000,"Weightlifting","1","0","0","1","1","1.00"
"Armenia",2008,"Boxing","1","0","0","1","1","1.00"
"Armenia",2008,"Weightlifting","3","0","0","3","3","1.00"
"Armenia",2008,"Wrestling","2","0","0","2","2","1.00"
"Armenia",2012,"Weightlifting","1","0","0","1","1","1.00"
"Armenia",2012,"Wrestling","2","0","1","1","2","1.00"
"Armenia",2016,"Weightlifting","2","0","2","0","2","1.00"
"Australia",1904,"Swimming","4","0","3","1","4","1.00"
"Australia",1908,"Athletics","1","0","0","1","1","1.00"
"Australia",1908,"Boxing","1","0","1","0","1","1.00"
"Australia",1908,"Swimming","2","0","1","1","2","1.00"
"Australia",1912,"Tennis","1","0","0","1","1","1.00"
"Australia",1920,"Athletics","1","0","1","0","1","1.00"
"Australia",1920,"Swimming","2","0","1","1","2","1.00"
"Australia",1928,"Cycling","1","0","0","1","1","1.00"
"Australia",1928,"Swimming","2","0","2","0","2","1.00"
"Australia",1932,"Wrestling","1","0","0","1","1","1.00"
"Australia",1936,"Athletics","1","0","0","1","1","1.00"
"Australia",1948,"Swimming","4","0","2","2","4","1.00"
"Australia",1948,"Wrestling","2","0","1","1","2","1.00"
"Australia",1952,"Rowing","2","0","1","1","2","1.00"
"Australia",1952,"Weightlifting","1","0","0","1","1","1.00"
"Australia",1956,"Boxing","1","0","0","1","1","1.00"
"Australia",1956,"Canoeing","1","0","0","1","1","1.00"
"Australia",1956,"Rowing","3","0","1","2","3","1.00"
"Australia",1956,"Sailing","2","0","1","1","2","1.00"
"Australia",1960,"Boxing","2","0","0","2","2","1.00"
"Australia",1964,"Hockey","1","0","0","1","1","1.00"
"Australia",1964,"Judo","1","0","0","1","1","1.00"
"Australia",1968,"Equestrianism","1","0","0","1","1","1.00"
"Australia",1968,"Hockey","1","0","1","0","1","1.00"
"Australia",1968,"Rowing","1","0","1","0","1","1.00"
"Australia",1972,"Athletics","2","0","2","0","2","1.00"
"Australia",1972,"Cycling","3","0","3","0","3","1.00"
"Australia",1976,"Equestrianism","1","0","0","1","1","1.00"
"Australia",1976,"Hockey","1","0","1","0","1","1.00"
"Australia",1976,"Sailing","2","0","0","2","2","1.00"
"Australia",1976,"Swimming","1","0","0","1","1","1.00"
"Australia",1980,"Athletics","1","0","1","0","1","1.00"
"Australia",1980,"Canoeing","1","0","1","0","1","1.00"
"Australia",1984,"Canoeing","1","0","0","1","1","1.00"
"Australia",1984,"Rowing","3","0","1","2","3","1.00"
"Australia",1984,"Sailing","1","0","0","1","1","1.00"
"Australia",1984,"Shooting","1","0","0","1","1","1.00"
"Australia",1988,"Boxing","1","0","1","0","1","1.00"
"Australia",1988,"Canoeing","2","0","1","1","2","1.00"
"Australia",1988,"Cycling","4","0","2","2","4","1.00"
"Australia",1988,"Tennis","1","0","0","1","1","1.00"
"Australia",1992,"Athletics","2","0","0","2","2","1.00"
"Australia",1992,"Hockey","1","0","1","0","1","1.00"
"Australia",1992,"Sailing","2","0","0","2","2","1.00"
"Australia",1992,"Tennis","1","0","0","1","1","1.00"
"Australia",1996,"Athletics","2","0","2","0","2","1.00"
"Australia",1996,"Basketball","1","0","0","1","1","1.00"
"Australia",1996,"Beach Volleyball","1","0","0","1","1","1.00"
"Australia",1996,"Canoeing","3","0","0","3","3","1.00"
"Australia",1996,"Cycling","5","0","1","4","5","1.00"
"Australia",1996,"Sailing","2","0","1","1","2","1.00"
"Australia",1996,"Softball","1","0","0","1","1","1.00"
"Australia",1996,"Weightlifting","1","0","0","1","1","1.00"
"Australia",2000,"Basketball","1","0","1","0","1","1.00"
"Australia",2000,"Canoeing","2","0","1","1","2","1.00"
"Australia",2000,"Diving","2","0","0","2","2","1.00"
"Australia",2000,"Judo","1","0","0","1","1","1.00"
"Australia",2000,"Rowing","5","0","3","2","5","1.00"
"Australia",2000,"Softball","1","0","0","1","1","1.00"
"Australia",2000,"Tennis","1","0","1","0","1","1.00"
"Australia",2000,"Trampolining","1","0","1","0","1","1.00"
"Australia",2000,"Triathlon","1","0","1","0","1","1.00"
"Australia",2004,"Archery","1","0","0","1","1","1.00"
"Australia",2004,"Athletics","3","0","1","2","3","1.00"
"Australia",2004,"Baseball","1","0","1","0","1","1.00"
"Australia",2004,"Basketball","1","0","1","0","1","1.00"
"Australia",2004,"Canoeing","2","0","2","0","2","1.00"
"Australia",2004,"Softball","1","0","1","0","1","1.00"
"Australia",2004,"Tennis","1","0","0","1","1","1.00"
"Australia",2004,"Triathlon","1","0","1","0","1","1.00"
"Australia",2008,"Basketball","1","0","1","0","1","1.00"
"Australia",2008,"Cycling","1","0","1","0","1","1.00"
"Australia",2008,"Equestrianism","1","0","1","0","1","1.00"
"Australia",2008,"Hockey","1","0","0","1","1","1.00"
"Australia",2008,"Shooting","1","0","0","1","1","1.00"
"Australia",2008,"Softball","1","0","0","1","1","1.00"
"Australia",2008,"Water Polo","1","0","0","1","1","1.00"
"Australia",2012,"Basketball","1","0","0","1","1","1.00"
"Australia",2012,"Diving","1","0","1","0","1","1.00"
"Australia",2012,"Hockey","1","0","0","1","1","1.00"
"Australia",2012,"Rowing","5","0","3","2","5","1.00"
"Australia",2012,"Triathlon","1","0","0","1","1","1.00"
"Australia",2012,"Water Polo","1","0","0","1","1","1.00"
"Australia",2016,"Archery","1","0","0","1","1","1.00"
"Australia",2016,"Athletics","2","0","1","1","2","1.00"
"Australia",2016,"Canoeing","2","0","0","2","2","1.00"
"Australia",2016,"Cycling","2","0","1","1","2","1.00"
"Australia",2016,"Diving","1","0","0","1","1","1.00"
"Australia",2016,"Equestrianism","1","0","0","1","1","1.00"
"Austria",1904,"Swimming","1","0","0","1","1","1.00"
"Austria",1908,"Swimming","1","0","0","1","1","1.00"
"Austria",1912,"Fencing","2","0","1","1","2","1.00"
"Austria",1912,"Swimming","1","0","0","1","1","1.00"
"Austria",1912,"Tennis","1","0","1","0","1","1.00"
"Austria",1924,"Weightlifting","4","0","3","1","4","1.00"
"Austria",1928,"Rowing","1","0","0","1","1","1.00"
"Austria",1932,"Weightlifting","2","0","1","1","2","1.00"
"Austria",1932,"Wrestling","2","0","0","2","2","1.00"
"Austria",1936,"Equestrianism","1","0","0","1","1","1.00"
"Austria",1936,"Fencing","1","0","0","1","1","1.00"
"Austria",1936,"Football","1","0","1","0","1","1.00"
"Austria",1936,"Handball","1","0","1","0","1","1.00"
"Austria",1936,"Rowing","1","0","1","0","1","1.00"
"Austria",1948,"Canoeing","1","0","0","1","1","1.00"
"Austria",1948,"Fencing","1","0","0","1","1","1.00"
"Austria",1952,"Canoeing","2","0","1","1","2","1.00"
"Austria",1956,"Canoeing","1","0","0","1","1","1.00"
"Austria",1956,"Rowing","1","0","0","1","1","1.00"
"Austria",1960,"Rowing","1","0","1","0","1","1.00"
"Austria",1968,"Athletics","2","0","1","1","2","1.00"
"Austria",1968,"Canoeing","1","0","0","1","1","1.00"
"Austria",1968,"Sailing","1","0","1","0","1","1.00"
"Austria",1972,"Athletics","1","0","0","1","1","1.00"
"Austria",1972,"Canoeing","1","0","1","0","1","1.00"
"Austria",1972,"Shooting","1","0","0","1","1","1.00"
"Austria",1976,"Shooting","1","0","0","1","1","1.00"
"Austria",1980,"Sailing","2","0","2","0","2","1.00"
"Austria",1980,"Shooting","1","0","0","1","1","1.00"
"Austria",1984,"Shooting","1","0","1","0","1","1.00"
"Austria",1992,"Equestrianism","1","0","1","0","1","1.00"
"Austria",1992,"Rowing","1","0","1","0","1","1.00"
"Austria",1996,"Athletics","1","0","0","1","1","1.00"
"Austria",1996,"Shooting","2","0","1","1","2","1.00"
"Austria",2000,"Athletics","1","0","1","0","1","1.00"
"Austria",2004,"Judo","1","0","1","0","1","1.00"
"Austria",2004,"Shooting","1","0","0","1","1","1.00"
"Austria",2004,"Swimming","2","0","2","0","2","1.00"
"Austria",2008,"Canoeing","1","0","0","1","1","1.00"
"Austria",2008,"Judo","1","0","1","0","1","1.00"
"Austria",2008,"Swimming","1","0","0","1","1","1.00"
"Austria",2016,"Sailing","1","0","0","1","1","1.00"
"Azerbaijan",1996,"Wrestling","1","0","1","0","1","1.00"
"Azerbaijan",2000,"Boxing","1","0","0","1","1","1.00"
"Azerbaijan",2004,"Boxing","2","0","0","2","2","1.00"
"Azerbaijan",2004,"Shooting","2","0","0","2","2","1.00"
"Azerbaijan",2008,"Boxing","1","0","0","1","1","1.00"
"Azerbaijan",2008,"Wrestling","4","0","2","2","4","1.00"
"Azerbaijan",2012,"Boxing","2","0","0","2","2","1.00"
"Azerbaijan",2012,"Weightlifting","1","0","0","1","1","1.00"
"Azerbaijan",2016,"Boxing","2","0","1","1","2","1.00"
"Azerbaijan",2016,"Canoeing","2","0","1","1","2","1.00"
"Azerbaijan",2016,"Judo","2","0","2","0","2","1.00"
"Azerbaijan",2016,"Wrestling","9","0","3","6","9","1.00"
"Bahamas",1956,"Sailing","1","0","0","1","1","1.00"
"Bahamas",1992,"Athletics","1","0","0","1","1","1.00"
"Bahamas",1996,"Athletics","1","0","1","0","1","1.00"
"Bahamas",2008,"Athletics","2","0","1","1","2","1.00"
"Bahrain",2012,"Athletics","1","0","0","1","1","1.00"
"Barbados",2000,"Athletics","1","0","0","1","1","1.00"
"Belarus",1996,"Athletics","3","0","2","2","4","1.33"
"Belarus",1996,"Gymnastics","4","0","0","4","4","1.00"
"Belarus",1996,"Shooting","1","0","1","0","1","1.00"
"Belarus",1996,"Wrestling","4","0","3","1","4","1.00"
"Belarus",2000,"Judo","1","0","0","1","1","1.00"
"Belarus",2000,"Modern Pentathlon","1","0","0","1","1","1.00"
"Belarus",2000,"Rhythmic Gymnastics","2","0","2","0","2","1.00"
"Belarus",2000,"Shooting","4","0","1","3","4","1.00"
"Belarus",2000,"Weightlifting","2","0","0","2","2","1.00"
"Belarus",2000,"Wrestling","1","0","0","1","1","1.00"
"Belarus",2004,"Boxing","2","0","2","0","2","1.00"
"Belarus",2004,"Canoeing","1","0","0","1","1","1.00"
"Belarus",2004,"Cycling","1","0","0","1","1","1.00"
"Belarus",2004,"Rowing","2","0","1","1","2","1.00"
"Belarus",2004,"Shooting","1","0","0","1","1","1.00"
"Belarus",2004,"Weightlifting","2","0","2","1","3","1.50"
"Belarus",2004,"Wrestling","1","0","0","1","1","1.00"
"Belarus",2008,"Rhythmic Gymnastics","2","0","1","1","2","1.00"
"Belarus",2008,"Rowing","2","0","0","2","2","1.00"
"Belarus",2008,"Wrestling","2","0","0","2","2","1.00"
"Belarus",2012,"Canoeing","3","0","2","1","3","1.00"
"Belarus",2012,"Rhythmic Gymnastics","2","0","1","1","2","1.00"
"Belarus",2012,"Swimming","2","0","2","0","2","1.00"
"Belarus",2012,"Weightlifting","2","0","0","2","2","1.00"
"Belarus",2016,"Athletics","1","0","1","0","1","1.00"
"Belarus",2016,"Canoeing","1","0","0","1","1","1.00"
"Belarus",2016,"Swimming","1","0","0","1","1","1.00"
"Belarus",2016,"Weightlifting","2","0","2","0","2","1.00"
"Belarus",2016,"Wrestling","3","0","1","2","3","1.00"
"Belgium",1908,"Cycling","1","0","0","1","1","1.00"
"Belgium",1908,"Fencing","1","0","0","1","1","1.00"
"Belgium",1908,"Rowing","1","0","1","0","1","1.00"
"Belgium",1908,"Sailing","1","0","1","0","1","1.00"
"Belgium",1908,"Water Polo","1","0","1","0","1","1.00"
"Belgium",1912,"Equestrianism","1","0","0","1","1","1.00"
"Belgium",1912,"Rowing","1","0","1","0","1","1.00"
"Belgium",1912,"Water Polo","1","0","0","1","1","1.00"
"Belgium",1920,"Fencing","1","0","1","0","1","1.00"
"Belgium",1920,"Gymnastics","2","0","1","1","2","1.00"
"Belgium",1920,"Hockey","1","0","0","1","1","1.00"
"Belgium",1920,"Shooting","1","0","1","0","1","1.00"
"Belgium",1920,"Swimming","1","0","0","1","1","1.00"
"Belgium",1920,"Tug-Of-War","1","0","0","1","1","1.00"
"Belgium",1920,"Water Polo","1","0","1","0","1","1.00"
"Belgium",1924,"Cycling","3","0","2","1","3","1.00"
"Belgium",1924,"Swimming","1","0","1","0","1","1.00"
"Belgium",1924,"Water Polo","1","0","1","0","1","1.00"
"Belgium",1924,"Wrestling","1","0","1","0","1","1.00"
"Belgium",1928,"Boxing","1","0","0","1","1","1.00"
"Belgium",1928,"Rowing","1","0","0","1","1","1.00"
"Belgium",1928,"Wrestling","1","0","1","0","1","1.00"
"Belgium",1932,"Art Competitions","1","0","0","1","1","1.00"
"Belgium",1936,"Art Competitions","1","0","0","1","1","1.00"
"Belgium",1936,"Cycling","1","0","0","1","1","1.00"
"Belgium",1936,"Water Polo","1","0","0","1","1","1.00"
"Belgium",1948,"Boxing","1","0","1","0","1","1.00"
"Belgium",1948,"Fencing","1","0","0","1","1","1.00"
"Belgium",1952,"Rowing","1","0","1","0","1","1.00"
"Belgium",1956,"Sailing","1","0","1","0","1","1.00"
"Belgium",1956,"Wrestling","1","0","1","0","1","1.00"
"Belgium",1960,"Athletics","1","0","1","0","1","1.00"
"Belgium",1960,"Cycling","2","0","1","1","2","1.00"
"Belgium",1960,"Sailing","1","0","0","1","1","1.00"
"Belgium",1968,"Cycling","1","0","0","1","1","1.00"
"Belgium",1968,"Weightlifting","1","0","1","0","1","1.00"
"Belgium",1972,"Athletics","2","0","2","0","2","1.00"
"Belgium",1976,"Athletics","3","0","2","1","3","1.00"
"Belgium",1976,"Cycling","1","0","1","0","1","1.00"
"Belgium",1976,"Equestrianism","2","0","0","2","2","1.00"
"Belgium",1984,"Rowing","2","0","1","1","2","1.00"
"Belgium",1984,"Swimming","1","0","0","1","1","1.00"
"Belgium",1988,"Judo","1","0","0","1","1","1.00"
"Belgium",1988,"Shooting","1","0","0","1","1","1.00"
"Belgium",1992,"Cycling","1","0","0","1","1","1.00"
"Belgium",1992,"Judo","1","0","0","1","1","1.00"
"Belgium",1992,"Rowing","1","0","1","0","1","1.00"
"Belgium",1996,"Sailing","1","0","1","0","1","1.00"
"Belgium",2000,"Cycling","2","0","2","0","2","1.00"
"Belgium",2000,"Judo","2","0","0","2","2","1.00"
"Belgium",2000,"Tennis","1","0","0","1","1","1.00"
"Belgium",2004,"Cycling","1","0","0","1","1","1.00"
"Belgium",2004,"Judo","1","0","0","1","1","1.00"
"Belgium",2012,"Judo","1","0","0","1","1","1.00"
"Belgium",2012,"Sailing","1","0","0","1","1","1.00"
"Belgium",2012,"Shooting","1","0","1","0","1","1.00"
"Belgium",2016,"Hockey","1","0","1","0","1","1.00"
"Belgium",2016,"Judo","1","0","0","1","1","1.00"
"Belgium",2016,"Swimming","1","0","1","0","1","1.00"
"Bermuda",1976,"Boxing","1","0","0","1","1","1.00"
"Botswana",2012,"Athletics","1","0","1","0","1","1.00"
"Brazil",1948,"Basketball","1","0","0","1","1","1.00"
"Brazil",1952,"Swimming","1","0","0","1","1","1.00"
"Brazil",1960,"Basketball","1","0","0","1","1","1.00"
"Brazil",1960,"Swimming","1","0","0","1","1","1.00"
"Brazil",1964,"Basketball","1","0","0","1","1","1.00"
"Brazil",1968,"Athletics","1","0","1","0","1","1.00"
"Brazil",1968,"Boxing","1","0","0","1","1","1.00"
"Brazil",1968,"Sailing","1","0","0","1","1","1.00"
"Brazil",1972,"Athletics","1","0","0","1","1","1.00"
"Brazil",1972,"Judo","1","0","0","1","1","1.00"
"Brazil",1976,"Athletics","1","0","0","1","1","1.00"
"Brazil",1976,"Sailing","1","0","0","1","1","1.00"
"Brazil",1980,"Athletics","1","0","0","1","1","1.00"
"Brazil",1980,"Swimming","1","0","0","1","1","1.00"
"Brazil",1984,"Football","1","0","1","0","1","1.00"
"Brazil",1984,"Judo","3","0","1","2","3","1.00"
"Brazil",1984,"Sailing","1","0","1","0","1","1.00"
"Brazil",1984,"Swimming","1","0","1","0","1","1.00"
"Brazil",1984,"Volleyball","1","0","1","0","1","1.00"
"Brazil",1988,"Athletics","2","0","1","1","2","1.00"
"Brazil",1988,"Football","1","0","1","0","1","1.00"
"Brazil",1988,"Sailing","2","0","0","2","2","1.00"
"Brazil",1992,"Swimming","1","0","1","0","1","1.00"
"Brazil",1996,"Athletics","1","0","0","1","1","1.00"
"Brazil",1996,"Basketball","1","0","1","0","1","1.00"
"Brazil",1996,"Equestrianism","1","0","0","1","1","1.00"
"Brazil",1996,"Football","1","0","0","1","1","1.00"
"Brazil",1996,"Judo","2","0","0","2","2","1.00"
"Brazil",1996,"Swimming","3","0","1","2","3","1.00"
"Brazil",1996,"Volleyball","1","0","0","1","1","1.00"
"Brazil",2000,"Athletics","1","0","1","0","1","1.00"
"Brazil",2000,"Basketball","1","0","0","1","1","1.00"
"Brazil",2000,"Beach Volleyball","2","0","2","1","3","1.50"
"Brazil",2000,"Equestrianism","1","0","0","1","1","1.00"
"Brazil",2000,"Judo","2","0","2","0","2","1.00"
"Brazil",2000,"Sailing","2","0","1","1","2","1.00"
"Brazil",2000,"Swimming","1","0","0","1","1","1.00"
"Brazil",2000,"Volleyball","1","0","0","1","1","1.00"
"Brazil",2004,"Athletics","1","0","0","1","1","1.00"
"Brazil",2004,"Football","1","0","1","0","1","1.00"
"Brazil",2004,"Judo","2","0","0","2","2","1.00"
"Brazil",2008,"Beach Volleyball","1","0","1","1","2","2.00"
"Brazil",2008,"Football","2","0","1","1","2","1.00"
"Brazil",2008,"Judo","3","0","0","3","3","1.00"
"Brazil",2008,"Sailing","2","0","1","1","2","1.00"
"Brazil",2008,"Taekwondo","1","0","0","1","1","1.00"
"Brazil",2012,"Beach Volleyball","2","0","1","1","2","1.00"
"Brazil",2012,"Boxing","3","0","1","2","3","1.00"
"Brazil",2012,"Football","1","0","1","0","1","1.00"
"Brazil",2012,"Modern Pentathlon","1","0","0","1","1","1.00"
"Brazil",2012,"Sailing","1","0","0","1","1","1.00"
"Brazil",2012,"Swimming","2","0","1","1","2","1.00"
"Brazil",2016,"Canoeing","3","0","2","1","3","1.00"
"Brazil",2016,"Gymnastics","2","0","2","1","3","1.50"
"Brazil",2016,"Shooting","1","0","1","0","1","1.00"
"Brazil",2016,"Swimming","1","0","0","1","1","1.00"
"Brazil",2016,"Taekwondo","1","0","0","1","1","1.00"
"Bulgaria",1952,"Boxing","1","0","0","1","1","1.00"
"Bulgaria",1956,"Football","1","0","0","1","1","1.00"
"Bulgaria",1960,"Gymnastics","1","0","0","1","1","1.00"
"Bulgaria",1964,"Boxing","1","0","0","1","1","1.00"
"Bulgaria",1964,"Shooting","1","0","1","0","1","1.00"
"Bulgaria",1968,"Boxing","2","0","0","2","2","1.00"
"Bulgaria",1968,"Football","1","0","1","0","1","1.00"
"Bulgaria",1972,"Athletics","4","0","2","2","4","1.00"
"Bulgaria",1972,"Canoeing","1","0","0","1","1","1.00"
"Bulgaria",1976,"Basketball","1","0","0","1","1","1.00"
"Bulgaria",1976,"Boxing","1","0","0","1","1","1.00"
"Bulgaria",1980,"Athletics","2","0","1","1","2","1.00"
"Bulgaria",1980,"Basketball","1","0","1","0","1","1.00"
"Bulgaria",1980,"Equestrianism","1","0","1","0","1","1.00"
"Bulgaria",1980,"Judo","2","0","1","1","2","1.00"
"Bulgaria",1980,"Rowing","4","0","1","3","4","1.00"
"Bulgaria",1980,"Shooting","2","0","0","2","2","1.00"
"Bulgaria",1980,"Volleyball","2","0","1","1","2","1.00"
"Bulgaria",1988,"Rhythmic Gymnastics","1","0","1","0","1","1.00"
"Bulgaria",1988,"Rowing","3","0","1","2","3","1.00"
"Bulgaria",1988,"Tennis","1","0","0","1","1","1.00"
"Bulgaria",1992,"Athletics","2","0","1","1","2","1.00"
"Bulgaria",1992,"Boxing","2","0","1","1","2","1.00"
"Bulgaria",1992,"Shooting","3","0","2","1","3","1.00"
"Bulgaria",1992,"Wrestling","2","0","1","1","2","1.00"
"Bulgaria",1996,"Canoeing","1","0","0","1","1","1.00"
"Bulgaria",1996,"Gymnastics","1","0","1","0","1","1.00"
"Bulgaria",1996,"Rhythmic Gymnastics","1","0","1","0","1","1.00"
"Bulgaria",1996,"Shooting","4","0","2","2","4","1.00"
"Bulgaria",1996,"Weightlifting","3","0","1","2","3","1.00"
"Bulgaria",2000,"Canoeing","2","0","2","0","2","1.00"
"Bulgaria",2000,"Gymnastics","2","0","0","2","2","1.00"
"Bulgaria",2000,"Rowing","1","0","1","0","1","1.00"
"Bulgaria",2004,"Boxing","1","0","0","1","1","1.00"
"Bulgaria",2004,"Gymnastics","2","0","1","1","2","1.00"
"Bulgaria",2004,"Judo","1","0","0","1","1","1.00"
"Bulgaria",2004,"Rhythmic Gymnastics","1","0","0","1","1","1.00"
"Bulgaria",2004,"Rowing","2","0","0","2","2","1.00"
"Bulgaria",2004,"Wrestling","1","0","0","1","1","1.00"
"Bulgaria",2008,"Wrestling","4","0","1","3","4","1.00"
"Bulgaria",2012,"Boxing","1","0","0","1","1","1.00"
"Bulgaria",2012,"Wrestling","1","0","1","0","1","1.00"
"Bulgaria",2016,"Athletics","1","0","1","0","1","1.00"
"Bulgaria",2016,"Rhythmic Gymnastics","1","0","0","1","1","1.00"
"Bulgaria",2016,"Wrestling","1","0","0","1","1","1.00"
"Burundi",2016,"Athletics","1","0","1","0","1","1.00"
"Cameroon",1968,"Boxing","1","0","1","0","1","1.00"
"Cameroon",1984,"Boxing","1","0","0","1","1","1.00"
"Canada",1904,"Rowing","1","0","1","0","1","1.00"
"Canada",1908,"Cycling","1","0","0","1","1","1.00"
"Canada",1908,"Rowing","3","0","0","3","3","1.00"
"Canada",1908,"Wrestling","1","0","0","1","1","1.00"
"Canada",1912,"Rowing","1","0","0","1","1","1.00"
"Canada",1920,"Swimming","2","0","1","1","2","1.00"
"Canada",1924,"Boxing","1","0","0","1","1","1.00"
"Canada",1924,"Rowing","2","0","2","0","2","1.00"
"Canada",1924,"Shooting","1","0","1","0","1","1.00"
"Canada",1928,"Boxing","1","0","0","1","1","1.00"
"Canada",1928,"Rowing","2","0","1","1","2","1.00"
"Canada",1928,"Swimming","1","0","0","1","1","1.00"
"Canada",1928,"Wrestling","3","0","1","2","3","1.00"
"Canada",1932,"Art Competitions","1","0","0","1","1","1.00"
"Canada",1932,"Rowing","2","0","0","2","2","1.00"
"Canada",1932,"Sailing","2","0","1","1","2","1.00"
"Canada",1932,"Wrestling","1","0","1","0","1","1.00"
"Canada",1936,"Athletics","4","0","1","3","4","1.00"
"Canada",1936,"Basketball","1","0","1","0","1","1.00"
"Canada",1936,"Wrestling","1","0","0","1","1","1.00"
"Canada",1948,"Art Competitions","1","0","1","0","1","1.00"
"Canada",1948,"Athletics","1","0","0","1","1","1.00"
"Canada",1948,"Canoeing","2","0","1","1","2","1.00"
"Canada",1952,"Canoeing","1","0","1","0","1","1.00"
"Canada",1952,"Weightlifting","1","0","1","0","1","1.00"
"Canada",1956,"Diving","1","0","0","1","1","1.00"
"Canada",1956,"Equestrianism","1","0","0","1","1","1.00"
"Canada",1960,"Rowing","1","0","1","0","1","1.00"
"Canada",1964,"Athletics","2","0","1","1","2","1.00"
"Canada",1964,"Judo","1","0","1","0","1","1.00"
"Canada",1968,"Swimming","4","0","3","1","4","1.00"
"Canada",1972,"Sailing","1","0","0","1","1","1.00"
"Canada",1972,"Swimming","4","0","2","2","4","1.00"
"Canada",1976,"Athletics","1","0","1","0","1","1.00"
"Canada",1976,"Canoeing","1","0","1","0","1","1.00"
"Canada",1976,"Equestrianism","1","0","1","0","1","1.00"
"Canada",1976,"Swimming","7","0","2","6","8","1.14"
"Canada",1984,"Athletics","5","0","2","3","5","1.00"
"Canada",1984,"Boxing","3","0","2","1","3","1.00"
"Canada",1984,"Cycling","2","0","2","0","2","1.00"
"Canada",1984,"Judo","1","0","0","1","1","1.00"
"Canada",1984,"Sailing","3","0","1","2","3","1.00"
"Canada",1984,"Synchronized Swimming","2","0","2","0","2","1.00"
"Canada",1984,"Weightlifting","1","0","1","0","1","1.00"
"Canada",1984,"Wrestling","2","0","1","1","2","1.00"
"Canada",1988,"Athletics","1","0","0","1","1","1.00"
"Canada",1988,"Equestrianism","1","0","0","1","1","1.00"
"Canada",1988,"Sailing","1","0","0","1","1","1.00"
"Canada",1988,"Swimming","2","0","1","1","2","1.00"
"Canada",1992,"Boxing","2","0","1","1","2","1.00"
"Canada",1992,"Cycling","1","0","0","1","1","1.00"
"Canada",1992,"Judo","1","0","0","1","1","1.00"
"Canada",1992,"Sailing","1","0","0","1","1","1.00"
"Canada",1992,"Wrestling","1","0","1","0","1","1.00"
"Canada",1996,"Beach Volleyball","1","0","0","1","1","1.00"
"Canada",1996,"Boxing","1","0","1","0","1","1.00"
"Canada",1996,"Canoeing","1","0","1","0","1","1.00"
"Canada",1996,"Cycling","5","0","2","3","5","1.00"
"Canada",1996,"Diving","1","0","0","1","1","1.00"
"Canada",1996,"Swimming","3","0","1","2","3","1.00"
"Canada",1996,"Synchronized Swimming","1","0","1","0","1","1.00"
"Canada",1996,"Wrestling","1","0","1","0","1","1.00"
"Canada",2000,"Canoeing","2","0","1","1","2","1.00"
"Canada",2000,"Diving","2","0","1","1","2","1.00"
"Canada",2000,"Judo","1","0","1","0","1","1.00"
"Canada",2000,"Rowing","1","0","0","1","1","1.00"
"Canada",2000,"Swimming","1","0","0","1","1","1.00"
"Canada",2000,"Synchronized Swimming","1","0","0","1","1","1.00"
"Canada",2000,"Taekwondo","1","0","0","1","1","1.00"
"Canada",2000,"Trampolining","2","0","0","2","2","1.00"
"Canada",2004,"Diving","2","0","1","1","2","1.00"
"Canada",2004,"Rowing","1","0","1","0","1","1.00"
"Canada",2004,"Sailing","1","0","1","0","1","1.00"
"Canada",2004,"Trampolining","1","0","1","0","1","1.00"
"Canada",2004,"Wrestling","1","0","1","0","1","1.00"
"Canada",2008,"Athletics","2","0","0","2","2","1.00"
"Canada",2008,"Canoeing","2","0","1","1","2","1.00"
"Canada",2008,"Diving","2","0","2","0","2","1.00"
"Canada",2008,"Swimming","1","0","0","1","1","1.00"
"Canada",2008,"Taekwondo","1","0","1","0","1","1.00"
"Canada",2008,"Trampolining","2","0","2","0","2","1.00"
"Canada",2008,"Triathlon","1","0","1","0","1","1.00"
"Canada",2012,"Athletics","1","0","0","1","1","1.00"
"Canada",2012,"Canoeing","3","0","1","2","3","1.00"
"Canada",2012,"Cycling","1","0","0","1","1","1.00"
"Canada",2012,"Diving","2","0","0","2","2","1.00"
"Canada",2012,"Football","1","0","0","1","1","1.00"
"Canada",2012,"Judo","1","0","0","1","1","1.00"
"Canada",2012,"Rowing","2","0","2","0","2","1.00"
"Canada",2012,"Swimming","3","0","1","2","3","1.00"
"Canada",2012,"Weightlifting","1","0","0","1","1","1.00"
"Canada",2012,"Wrestling","2","0","1","1","2","1.00"
"Canada",2016,"Cycling","2","0","0","2","2","1.00"
"Canada",2016,"Diving","2","0","0","2","2","1.00"
"Canada",2016,"Equestrianism","1","0","0","1","1","1.00"
"Canada",2016,"Football","1","0","0","1","1","1.00"
"Canada",2016,"Rowing","1","0","1","0","1","1.00"
"Canada",2016,"Rugby Sevens","1","0","0","1","1","1.00"
"Chile",1928,"Athletics","1","0","1","0","1","1.00"
"Chile",1952,"Equestrianism","2","0","2","0","2","1.00"
"Chile",1956,"Athletics","1","0","1","0","1","1.00"
"Chile",1956,"Boxing","3","0","1","2","3","1.00"
"Chile",1988,"Shooting","1","0","1","0","1","1.00"
"Chile",2000,"Football","1","0","0","1","1","1.00"
"Chile",2008,"Tennis","1","0","1","0","1","1.00"
"China",1984,"Archery","1","0","1","0","1","1.00"
"China",1984,"Athletics","1","0","0","1","1","1.00"
"China",1984,"Basketball","1","0","0","1","1","1.00"
"China",1984,"Handball","1","0","0","1","1","1.00"
"China",1988,"Athletics","1","0","0","1","1","1.00"
"China",1988,"Rowing","2","0","1","1","2","1.00"
"China",1988,"Shooting","2","0","1","1","2","1.00"
"China",1988,"Swimming","4","0","3","1","4","1.00"
"China",1988,"Volleyball","1","0","0","1","1","1.00"
"China",1988,"Weightlifting","4","0","1","4","5","1.25"
"China",1992,"Archery","1","0","1","0","1","1.00"
"China",1992,"Badminton","3","0","1","3","4","1.33"
"China",1992,"Basketball","1","0","1","0","1","1.00"
"China",1992,"Fencing","1","0","1","0","1","1.00"
"China",1992,"Rowing","1","0","0","1","1","1.00"
"China",1992,"Sailing","1","0","1","0","1","1.00"
"China",1992,"Weightlifting","3","0","2","2","4","1.33"
"China",1992,"Wrestling","1","0","0","1","1","1.00"
"China",1996,"Archery","1","0","1","0","1","1.00"
"China",1996,"Football","1","0","1","0","1","1.00"
"China",1996,"Rowing","1","0","1","0","1","1.00"
"China",1996,"Softball","1","0","1","0","1","1.00"
"China",1996,"Volleyball","1","0","1","0","1","1.00"
"China",1996,"Wrestling","1","0","0","1","1","1.00"
"China",2000,"Cycling","1","0","0","1","1","1.00"
"China",2000,"Fencing","2","0","1","1","2","1.00"
"China",2000,"Wrestling","1","0","0","1","1","1.00"
"China",2004,"Archery","1","0","1","0","1","1.00"
"China",2004,"Boxing","1","0","0","1","1","1.00"
"China",2004,"Cycling","1","0","1","0","1","1.00"
"China",2004,"Fencing","3","0","3","0","3","1.00"
"China",2004,"Sailing","1","0","1","0","1","1.00"
"China",2004,"Trampolining","1","0","0","1","1","1.00"
"China",2008,"Athletics","2","0","0","2","2","1.00"
"China",2008,"Beach Volleyball","1","0","1","1","2","2.00"
"China",2008,"Cycling","1","0","0","1","1","1.00"
"China",2008,"Hockey","1","0","1","0","1","1.00"
"China",2008,"Rhythmic Gymnastics","1","0","1","0","1","1.00"
"China",2008,"Synchronized Swimming","1","0","0","1","1","1.00"
"China",2008,"Tennis","1","0","0","1","1","1.00"
"China",2008,"Volleyball","1","0","0","1","1","1.00"
"China",2012,"Archery","2","0","1","1","2","1.00"
"China",2012,"Cycling","3","0","2","2","4","1.33"
"China",2012,"Judo","2","0","1","1","2","1.00"
"China",2012,"Modern Pentathlon","1","0","1","0","1","1.00"
"China",2012,"Rowing","1","0","1","0","1","1.00"
"China",2012,"Synchronized Swimming","2","0","1","1","2","1.00"
"China",2012,"Wrestling","1","0","1","0","1","1.00"
"China",2016,"Boxing","4","0","1","3","4","1.00"
"China",2016,"Fencing","2","0","1","1","2","1.00"
"China",2016,"Golf","1","0","0","1","1","1.00"
"China",2016,"Gymnastics","2","0","0","2","2","1.00"
"China",2016,"Judo","2","0","0","2","2","1.00"
"China",2016,"Rowing","2","0","0","2","2","1.00"
"China",2016,"Sailing","1","0","1","0","1","1.00"
"China",2016,"Synchronized Swimming","2","0","2","0","2","1.00"
"China",2016,"Trampolining","2","0","1","2","3","1.50"
"China",2016,"Wrestling","2","0","0","2","2","1.00"
"Colombia",1972,"Boxing","2","0","0","2","2","1.00"
"Colombia",1972,"Shooting","1","0","1","0","1","1.00"
"Colombia",1984,"Shooting","1","0","1","0","1","1.00"
"Colombia",1988,"Boxing","1","0","0","1","1","1.00"
"Colombia",1992,"Athletics","1","0","0","1","1","1.00"
"Colombia",2004,"Cycling","1","0","0","1","1","1.00"
"Colombia",2004,"Weightlifting","1","0","0","1","1","1.00"
"Colombia",2008,"Weightlifting","1","0","1","0","1","1.00"
"Colombia",2008,"Wrestling","1","0","0","1","1","1.00"
"Colombia",2012,"Athletics","1","0","1","0","1","1.00"
"Colombia",2012,"Judo","1","0","0","1","1","1.00"
"Colombia",2012,"Taekwondo","1","0","0","1","1","1.00"
"Colombia",2012,"Weightlifting","1","0","1","0","1","1.00"
"Colombia",2012,"Wrestling","1","0","0","1","1","1.00"
"Colombia",2016,"Boxing","2","0","1","1","2","1.00"
"Colombia",2016,"Judo","1","0","1","0","1","1.00"
"Costa Rica",1988,"Swimming","1","0","1","0","1","1.00"
"Costa Rica",2000,"Swimming","2","0","0","2","2","1.00"
"Croatia",1992,"Basketball","1","0","1","0","1","1.00"
"Croatia",1992,"Tennis","2","0","0","2","2","1.00"
"Croatia",1996,"Water Polo","1","0","1","0","1","1.00"
"Croatia",2000,"Rowing","1","0","0","1","1","1.00"
"Croatia",2004,"Rowing","1","0","1","0","1","1.00"
"Croatia",2004,"Swimming","1","0","1","0","1","1.00"
"Croatia",2004,"Tennis","1","0","0","1","1","1.00"
"Croatia",2004,"Weightlifting","1","0","0","1","1","1.00"
"Croatia",2008,"Athletics","1","0","1","0","1","1.00"
"Croatia",2008,"Gymnastics","1","0","1","0","1","1.00"
"Croatia",2008,"Shooting","1","0","0","1","1","1.00"
"Croatia",2008,"Taekwondo","2","0","0","2","2","1.00"
"Croatia",2012,"Handball","1","0","0","1","1","1.00"
"Croatia",2012,"Rowing","1","0","1","0","1","1.00"
"Croatia",2012,"Taekwondo","1","0","0","1","1","1.00"
"Croatia",2016,"Boxing","1","0","0","1","1","1.00"
"Croatia",2016,"Water Polo","1","0","1","0","1","1.00"
"Cuba",1948,"Sailing","1","0","1","0","1","1.00"
"Cuba",1964,"Athletics","1","0","1","0","1","1.00"
"Cuba",1968,"Athletics","2","0","2","0","2","1.00"
"Cuba",1968,"Boxing","2","0","2","0","2","1.00"
"Cuba",1972,"Athletics","2","0","0","2","2","1.00"
"Cuba",1972,"Basketball","1","0","0","1","1","1.00"
"Cuba",1976,"Volleyball","1","0","0","1","1","1.00"
"Cuba",1980,"Judo","3","0","3","0","3","1.00"
"Cuba",1980,"Shooting","1","0","0","1","1","1.00"
"Cuba",1992,"Fencing","2","0","1","1","2","1.00"
"Cuba",1992,"Weightlifting","1","0","1","0","1","1.00"
"Cuba",1996,"Athletics","2","0","1","1","2","1.00"
"Cuba",1996,"Fencing","2","0","1","1","2","1.00"
"Cuba",1996,"Swimming","1","0","1","1","2","2.00"
"Cuba",2000,"Baseball","1","0","1","0","1","1.00"
"Cuba",2000,"Canoeing","2","0","2","0","2","1.00"
"Cuba",2000,"Fencing","1","0","0","1","1","1.00"
"Cuba",2004,"Canoeing","1","0","1","0","1","1.00"
"Cuba",2004,"Judo","6","0","1","5","6","1.00"
"Cuba",2004,"Shooting","1","0","0","1","1","1.00"
"Cuba",2004,"Taekwondo","1","0","1","0","1","1.00"
"Cuba",2004,"Volleyball","1","0","0","1","1","1.00"
"Cuba",2008,"Baseball","1","0","1","0","1","1.00"
"Cuba",2008,"Boxing","8","0","4","4","8","1.00"
"Cuba",2008,"Cycling","1","0","1","0","1","1.00"
"Cuba",2008,"Judo","6","0","3","3","6","1.00"
"Cuba",2008,"Shooting","1","0","0","1","1","1.00"
"Cuba",2008,"Taekwondo","1","0","0","1","1","1.00"
"Cuba",2012,"Athletics","2","0","1","1","2","1.00"
"Cuba",2012,"Taekwondo","1","0","0","1","1","1.00"
"Cuba",2012,"Weightlifting","1","0","0","1","1","1.00"
"Cuba",2016,"Athletics","1","0","0","1","1","1.00"
"Cuba",2016,"Judo","1","0","1","0","1","1.00"
"Curacao",1988,"Sailing","1","0","1","0","1","1.00"
"Cyprus",2012,"Sailing","1","0","1","0","1","1.00"
"Czech Republic",1908,"Fencing","2","0","0","2","2","1.00"
"Czech Republic",1920,"Ice Hockey","1","0","0","1","1","1.00"
"Czech Republic",1920,"Tennis","1","0","0","1","1","1.00"
"Czech Republic",1924,"Weightlifting","1","0","0","1","1","1.00"
"Czech Republic",1928,"Boxing","1","0","1","0","1","1.00"
"Czech Republic",1928,"Weightlifting","1","0","0","1","1","1.00"
"Czech Republic",1928,"Wrestling","1","0","1","0","1","1.00"
"Czech Republic",1932,"Art Competitions","2","0","1","1","2","1.00"
"Czech Republic",1932,"Athletics","1","0","0","1","1","1.00"
"Czech Republic",1932,"Wrestling","1","0","1","0","1","1.00"
"Czech Republic",1936,"Art Competitions","1","0","0","1","1","1.00"
"Czech Republic",1936,"Weightlifting","1","0","1","0","1","1.00"
"Czech Republic",1936,"Wrestling","2","0","2","0","2","1.00"
"Czech Republic",1952,"Gymnastics","1","0","0","1","1","1.00"
"Czech Republic",1952,"Wrestling","2","0","1","1","2","1.00"
"Czech Republic",1956,"Cycling","2","0","2","0","2","1.00"
"Czech Republic",1956,"Gymnastics","1","0","1","0","1","1.00"
"Czech Republic",1956,"Shooting","1","0","1","0","1","1.00"
"Czech Republic",1960,"Athletics","1","0","1","0","1","1.00"
"Czech Republic",1960,"Wrestling","1","0","0","1","1","1.00"
"Czech Republic",1964,"Athletics","2","0","2","0","2","1.00"
"Czech Republic",1964,"Football","1","0","1","0","1","1.00"
"Czech Republic",1964,"Rowing","2","0","0","2","2","1.00"
"Czech Republic",1964,"Shooting","1","0","0","1","1","1.00"
"Czech Republic",1964,"Volleyball","1","0","1","0","1","1.00"
"Czech Republic",1964,"Wrestling","1","0","1","0","1","1.00"
"Czech Republic",1968,"Volleyball","1","0","0","1","1","1.00"
"Czech Republic",1968,"Wrestling","2","0","0","2","2","1.00"
"Czech Republic",1972,"Diving","1","0","1","0","1","1.00"
"Czech Republic",1972,"Handball","1","0","1","0","1","1.00"
"Czech Republic",1972,"Rowing","2","0","1","1","2","1.00"
"Czech Republic",1972,"Shooting","1","0","1","0","1","1.00"
"Czech Republic",1976,"Athletics","1","0","0","1","1","1.00"
"Czech Republic",1976,"Modern Pentathlon","2","0","1","1","2","1.00"
"Czech Republic",1976,"Rowing","2","0","0","2","2","1.00"
"Czech Republic",1976,"Wrestling","1","0","1","0","1","1.00"
"Czech Republic",1980,"Athletics","2","0","2","0","2","1.00"
"Czech Republic",1980,"Boxing","1","0","0","1","1","1.00"
"Czech Republic",1980,"Cycling","2","0","0","2","2","1.00"
"Czech Republic",1980,"Gymnastics","1","0","0","1","1","1.00"
"Czech Republic",1980,"Hockey","1","0","1","0","1","1.00"
"Czech Republic",1980,"Judo","1","0","0","1","1","1.00"
"Czech Republic",1980,"Rowing","1","0","0","1","1","1.00"
"Czech Republic",1980,"Wrestling","2","0","0","2","2","1.00"
"Czech Republic",1988,"Wrestling","1","0","0","1","1","1.00"
"Czech Republic",1992,"Rowing","1","0","1","0","1","1.00"
"Czech Republic",1996,"Shooting","1","0","0","1","1","1.00"
"Czech Republic",1996,"Tennis","2","0","1","1","2","1.00"
"Czech Republic",2000,"Boxing","1","0","1","0","1","1.00"
"Czech Republic",2000,"Shooting","2","0","1","1","2","1.00"
"Czech Republic",2000,"Triathlon","1","0","0","1","1","1.00"
"Czech Republic",2004,"Canoeing","1","0","0","1","1","1.00"
"Czech Republic",2004,"Modern Pentathlon","1","0","0","1","1","1.00"
"Czech Republic",2004,"Rowing","1","0","1","0","1","1.00"
"Czech Republic",2004,"Sailing","1","0","1","0","1","1.00"
"Czech Republic",2004,"Shooting","2","0","1","1","2","1.00"
"Czech Republic",2008,"Canoeing","1","0","1","0","1","1.00"
"Czech Republic",2008,"Rowing","1","0","1","0","1","1.00"
"Czech Republic",2012,"Canoeing","2","0","1","1","2","1.00"
"Czech Republic",2012,"Shooting","1","0","0","1","1","1.00"
"Czech Republic",2012,"Tennis","1","0","1","0","1","1.00"
"Czech Republic",2016,"Athletics","1","0","0","1","1","1.00"
"Czech Republic",2016,"Canoeing","3","0","1","2","3","1.00"
"Czech Republic",2016,"Cycling","1","0","1","0","1","1.00"
"Czech Republic",2016,"Rowing","1","0","0","1","1","1.00"
"Czech Republic",2016,"Tennis","3","0","0","3","3","1.00"
"Denmark",1908,"Football","1","0","1","0","1","1.00"
"Denmark",1908,"Swimming","1","0","1","0","1","1.00"
"Denmark",1908,"Wrestling","3","0","0","3","3","1.00"
"Denmark",1912,"Fencing","1","0","1","0","1","1.00"
"Denmark",1912,"Football","1","0","1","0","1","1.00"
"Denmark",1912,"Gymnastics","2","0","1","1","2","1.00"
"Denmark",1912,"Sailing","1","0","1","0","1","1.00"
"Denmark",1912,"Shooting","2","0","1","2","3","1.50"
"Denmark",1912,"Tennis","1","0","1","0","1","1.00"
"Denmark",1912,"Wrestling","1","0","0","1","1","1.00"
"Denmark",1920,"Athletics","1","0","1","0","1","1.00"
"Denmark",1920,"Boxing","3","0","3","0","3","1.00"
"Denmark",1920,"Hockey","1","0","1","0","1","1.00"
"Denmark",1920,"Wrestling","2","0","1","1","2","1.00"
"Denmark",1924,"Art Competitions","2","0","1","1","2","1.00"
"Denmark",1924,"Cycling","1","0","1","0","1","1.00"
"Denmark",1924,"Equestrianism","1","0","1","0","1","1.00"
"Denmark",1924,"Sailing","1","0","1","0","1","1.00"
"Denmark",1924,"Shooting","1","0","0","1","1","1.00"
"Denmark",1928,"Art Competitions","3","0","1","2","3","1.00"
"Denmark",1928,"Boxing","1","0","0","1","1","1.00"
"Denmark",1928,"Sailing","1","0","1","0","1","1.00"
"Denmark",1932,"Art Competitions","2","0","2","0","2","1.00"
"Denmark",1932,"Boxing","1","0","0","1","1","1.00"
"Denmark",1932,"Cycling","2","0","1","1","2","1.00"
"Denmark",1932,"Swimming","1","0","0","1","1","1.00"
"Denmark",1932,"Weightlifting","1","0","1","0","1","1.00"
"Denmark",1932,"Wrestling","1","0","1","0","1","1.00"
"Denmark",1936,"Boxing","1","0","0","1","1","1.00"
"Denmark",1936,"Equestrianism","1","0","0","1","1","1.00"
"Denmark",1936,"Rowing","1","0","1","0","1","1.00"
"Denmark",1936,"Swimming","2","0","1","1","2","1.00"
"Denmark",1948,"Art Competitions","2","0","1","1","2","1.00"
"Denmark",1948,"Athletics","1","0","0","1","1","1.00"
"Denmark",1948,"Boxing","1","0","0","1","1","1.00"
"Denmark",1948,"Cycling","1","0","0","1","1","1.00"
"Denmark",1948,"Diving","1","0","0","1","1","1.00"
"Denmark",1948,"Fencing","1","0","1","0","1","1.00"
"Denmark",1948,"Football","1","0","0","1","1","1.00"
"Denmark",1948,"Wrestling","1","0","0","1","1","1.00"
"Denmark",1952,"Boxing","1","0","0","1","1","1.00"
"Denmark",1952,"Equestrianism","1","0","1","0","1","1.00"
"Denmark",1952,"Fencing","1","0","0","1","1","1.00"
"Denmark",1952,"Rowing","1","0","0","1","1","1.00"
"Denmark",1956,"Canoeing","1","0","0","1","1","1.00"
"Denmark",1956,"Equestrianism","1","0","1","0","1","1.00"
"Denmark",1960,"Football","1","0","1","0","1","1.00"
"Denmark",1964,"Canoeing","1","0","0","1","1","1.00"
"Denmark",1964,"Cycling","2","0","1","1","2","1.00"
"Denmark",1968,"Canoeing","1","0","0","1","1","1.00"
"Denmark",1968,"Rowing","2","0","0","2","2","1.00"
"Denmark",1968,"Sailing","1","0","1","0","1","1.00"
"Denmark",1976,"Cycling","2","0","0","2","2","1.00"
"Denmark",1980,"Cycling","1","0","0","1","1","1.00"
"Denmark",1980,"Swimming","1","0","0","1","1","1.00"
"Denmark",1984,"Canoeing","2","0","1","1","2","1.00"
"Denmark",1984,"Equestrianism","1","0","1","0","1","1.00"
"Denmark",1984,"Rowing","2","0","0","2","2","1.00"
"Denmark",1984,"Shooting","1","0","1","0","1","1.00"
"Denmark",1988,"Swimming","1","0","1","0","1","1.00"
"Denmark",1992,"Badminton","1","0","0","1","1","1.00"
"Denmark",1992,"Boxing","1","0","0","1","1","1.00"
"Denmark",1992,"Canoeing","1","0","1","0","1","1.00"
"Denmark",1992,"Cycling","1","0","0","1","1","1.00"
"Denmark",1996,"Cycling","1","0","1","0","1","1.00"
"Denmark",2000,"Athletics","1","0","1","0","1","1.00"
"Denmark",2000,"Badminton","1","0","1","0","1","1.00"
"Denmark",2000,"Rowing","1","0","0","1","1","1.00"
"Denmark",2000,"Shooting","1","0","1","0","1","1.00"
"Denmark",2004,"Athletics","2","0","1","1","2","1.00"
"Denmark",2004,"Badminton","1","0","0","1","1","1.00"
"Denmark",2004,"Sailing","2","0","0","2","2","1.00"
"Denmark",2004,"Table Tennis","1","0","0","1","1","1.00"
"Denmark",2008,"Canoeing","1","0","1","0","1","1.00"
"Denmark",2008,"Cycling","1","0","1","0","1","1.00"
"Denmark",2008,"Equestrianism","1","0","0","1","1","1.00"
"Denmark",2008,"Swimming","1","0","0","1","1","1.00"
"Denmark",2012,"Badminton","2","0","1","1","2","1.00"
"Denmark",2012,"Sailing","2","0","1","1","2","1.00"
"Denmark",2012,"Shooting","1","0","1","0","1","1.00"
"Denmark",2016,"Athletics","1","0","1","0","1","1.00"
"Denmark",2016,"Badminton","2","0","1","1","2","1.00"
"Denmark",2016,"Canoeing","1","0","1","0","1","1.00"
"Denmark",2016,"Cycling","3","0","1","2","3","1.00"
"Denmark",2016,"Rowing","2","0","1","1","2","1.00"
"Denmark",2016,"Sailing","2","0","0","2","2","1.00"
"Denmark",2016,"Wrestling","1","0","1","0","1","1.00"
"Djibouti",1988,"Athletics","1","0","0","1","1","1.00"
"Dominican Republic",1984,"Boxing","1","0","0","1","1","1.00"
"Dominican Republic",2008,"Taekwondo","1","0","1","0","1","1.00"
"Dominican Republic",2016,"Taekwondo","1","0","0","1","1","1.00"
"Ecuador",2008,"Athletics","1","0","1","0","1","1.00"
"Egypt",1928,"Diving","2","0","1","1","2","1.00"
"Egypt",1948,"Wrestling","2","0","1","1","2","1.00"
"Egypt",1952,"Wrestling","1","0","0","1","1","1.00"
"Egypt",1984,"Judo","1","0","1","0","1","1.00"
"Egypt",2004,"Boxing","3","0","1","2","3","1.00"
"Egypt",2004,"Taekwondo","1","0","0","1","1","1.00"
"Egypt",2008,"Judo","1","0","0","1","1","1.00"
"Egypt",2012,"Fencing","1","0","1","0","1","1.00"
"Egypt",2012,"Wrestling","1","0","1","0","1","1.00"
"Egypt",2016,"Taekwondo","1","0","0","1","1","1.00"
"Egypt",2016,"Weightlifting","2","0","0","2","2","1.00"
"Eritrea",2004,"Athletics","1","0","0","1","1","1.00"
"Estonia",1920,"Athletics","1","0","1","0","1","1.00"
"Estonia",1924,"Athletics","1","0","0","1","1","1.00"
"Estonia",1924,"Weightlifting","2","0","1","2","3","1.50"
"Estonia",1928,"Sailing","1","0","0","1","1","1.00"
"Estonia",1928,"Weightlifting","1","0","1","0","1","1.00"
"Estonia",1936,"Boxing","1","0","1","0","1","1.00"
"Estonia",1936,"Weightlifting","1","0","0","1","1","1.00"
"Estonia",1992,"Sailing","1","0","0","1","1","1.00"
"Estonia",2000,"Judo","2","0","0","2","2","1.00"
"Estonia",2004,"Athletics","1","0","0","1","1","1.00"
"Estonia",2004,"Judo","1","0","0","1","1","1.00"
"Estonia",2004,"Rowing","1","0","1","0","1","1.00"
"Estonia",2008,"Rowing","1","0","1","0","1","1.00"
"Estonia",2012,"Athletics","1","0","0","1","1","1.00"
"Estonia",2012,"Wrestling","1","0","1","0","1","1.00"
"Estonia",2016,"Rowing","1","0","0","1","1","1.00"
"Ethiopia",1972,"Athletics","2","0","0","2","2","1.00"
"Finland",1908,"Athletics","1","0","0","1","1","1.00"
"Finland",1908,"Gymnastics","1","0","0","1","1","1.00"
"Finland",1912,"Gymnastics","1","0","1","0","1","1.00"
"Finland",1912,"Sailing","3","0","1","2","3","1.00"
"Finland",1912,"Shooting","2","0","0","2","2","1.00"
"Finland",1920,"Shooting","3","0","1","2","3","1.00"
"Finland",1920,"Swimming","2","0","0","2","2","1.00"
"Finland",1924,"Sailing","1","0","0","1","1","1.00"
"Finland",1924,"Shooting","3","0","1","2","3","1.00"
"Finland",1928,"Gymnastics","1","0","0","1","1","1.00"
"Finland",1928,"Sailing","1","0","0","1","1","1.00"
"Finland",1932,"Boxing","1","0","0","1","1","1.00"
"Finland",1932,"Gymnastics","4","0","1","4","5","1.25"
"Finland",1948,"Canoeing","3","0","1","2","3","1.00"
"Finland",1948,"Shooting","1","0","1","0","1","1.00"
"Finland",1952,"Athletics","1","0","0","1","1","1.00"
"Finland",1952,"Gymnastics","1","0","0","1","1","1.00"
"Finland",1952,"Modern Pentathlon","1","0","0","1","1","1.00"
"Finland",1952,"Rowing","1","0","0","1","1","1.00"
"Finland",1952,"Sailing","1","0","0","1","1","1.00"
"Finland",1952,"Shooting","2","0","1","1","2","1.00"
"Finland",1956,"Athletics","3","0","0","3","3","1.00"
"Finland",1956,"Boxing","1","0","0","1","1","1.00"
"Finland",1956,"Gymnastics","1","0","0","1","1","1.00"
"Finland",1956,"Modern Pentathlon","2","0","1","2","3","1.50"
"Finland",1956,"Rowing","1","0","0","1","1","1.00"
"Finland",1960,"Athletics","1","0","0","1","1","1.00"
"Finland",1960,"Boxing","1","0","0","1","1","1.00"
"Finland",1960,"Rowing","1","0","0","1","1","1.00"
"Finland",1960,"Shooting","1","0","1","0","1","1.00"
"Finland",1964,"Boxing","1","0","0","1","1","1.00"
"Finland",1964,"Gymnastics","1","0","0","1","1","1.00"
"Finland",1968,"Athletics","1","0","1","0","1","1.00"
"Finland",1968,"Boxing","1","0","0","1","1","1.00"
"Finland",1968,"Gymnastics","1","0","1","0","1","1.00"
"Finland",1972,"Archery","1","0","0","1","1","1.00"
"Finland",1972,"Boxing","1","0","1","0","1","1.00"
"Finland",1972,"Modern Pentathlon","1","0","0","1","1","1.00"
"Finland",1972,"Wrestling","1","0","0","1","1","1.00"
"Finland",1980,"Athletics","2","0","1","1","2","1.00"
"Finland",1980,"Wrestling","1","0","0","1","1","1.00"
"Finland",1984,"Boxing","1","0","0","1","1","1.00"
"Finland",1984,"Shooting","1","0","0","1","1","1.00"
"Finland",1984,"Weightlifting","2","0","0","2","2","1.00"
"Finland",1988,"Wrestling","2","0","1","1","2","1.00"
"Finland",1992,"Archery","1","0","1","0","1","1.00"
"Finland",1992,"Athletics","1","0","1","0","1","1.00"
"Finland",1992,"Boxing","1","0","0","1","1","1.00"
"Finland",1992,"Swimming","1","0","0","1","1","1.00"
"Finland",1996,"Swimming","1","0","1","0","1","1.00"
"Finland",1996,"Wrestling","1","0","1","0","1","1.00"
"Finland",2000,"Shooting","1","0","1","0","1","1.00"
"Finland",2000,"Wrestling","1","0","0","1","1","1.00"
"Finland",2004,"Shooting","1","0","1","0","1","1.00"
"Finland",2004,"Wrestling","1","0","1","0","1","1.00"
"Finland",2008,"Athletics","1","0","0","1","1","1.00"
"Finland",2008,"Rowing","1","0","1","0","1","1.00"
"Finland",2012,"Athletics","1","0","0","1","1","1.00"
"Finland",2012,"Sailing","2","0","1","1","2","1.00"
"Finland",2016,"Boxing","1","0","0","1","1","1.00"
"France",1904,"Athletics","2","0","2","0","2","1.00"
"France",1908,"Athletics","2","0","1","1","2","1.00"
"France",1908,"Gymnastics","1","0","0","1","1","1.00"
"France",1908,"Sailing","1","0","0","1","1","1.00"
"France",1908,"Shooting","2","0","0","2","2","1.00"
"France",1912,"Art Competitions","1","0","1","0","1","1.00"
"France",1912,"Athletics","2","0","2","0","2","1.00"
"France",1912,"Gymnastics","1","0","1","0","1","1.00"
"France",1920,"Art Competitions","1","0","1","0","1","1.00"
"France",1920,"Equestrianism","2","0","2","0","2","1.00"
"France",1920,"Gymnastics","2","0","1","2","3","1.50"
"France",1920,"Rowing","2","0","1","1","2","1.00"
"France",1920,"Rugby","1","0","1","0","1","1.00"
"France",1920,"Sailing","1","0","1","0","1","1.00"
"France",1920,"Shooting","2","0","2","0","2","1.00"
"France",1924,"Athletics","3","0","0","3","3","1.00"
"France",1924,"Boxing","1","0","0","1","1","1.00"
"France",1924,"Equestrianism","1","0","0","1","1","1.00"
"France",1924,"Rowing","3","0","3","0","3","1.00"
"France",1924,"Rugby","1","0","1","0","1","1.00"
"France",1924,"Sailing","1","0","0","1","1","1.00"
"France",1924,"Tennis","3","0","3","1","4","1.33"
"France",1928,"Boxing","1","0","1","0","1","1.00"
"France",1928,"Equestrianism","2","0","2","0","2","1.00"
"France",1928,"Rowing","1","0","1","0","1","1.00"
"France",1928,"Water Polo","1","0","0","1","1","1.00"
"France",1928,"Wrestling","3","0","1","2","3","1.00"
"France",1932,"Athletics","1","0","0","1","1","1.00"
"France",1932,"Rowing","1","0","0","1","1","1.00"
"France",1932,"Swimming","1","0","1","0","1","1.00"
"France",1936,"Canoeing","1","0","1","0","1","1.00"
"France",1936,"Equestrianism","1","0","1","0","1","1.00"
"France",1936,"Fencing","3","0","2","1","3","1.00"
"France",1936,"Rowing","2","0","0","2","2","1.00"
"France",1936,"Shooting","1","0","0","1","1","1.00"
"France",1948,"Basketball","1","0","1","0","1","1.00"
"France",1948,"Canoeing","4","0","0","4","4","1.00"
"France",1948,"Swimming","2","0","0","2","2","1.00"
"France",1948,"Wrestling","1","0","0","1","1","1.00"
"France",1952,"Athletics","2","0","2","0","2","1.00"
"France",1952,"Boxing","1","0","0","1","1","1.00"
"France",1952,"Cycling","1","0","0","1","1","1.00"
"France",1952,"Diving","1","0","1","0","1","1.00"
"France",1956,"Boxing","2","0","0","2","2","1.00"
"France",1956,"Canoeing","1","0","1","0","1","1.00"
"France",1956,"Rowing","1","0","0","1","1","1.00"
"France",1956,"Weightlifting","1","0","0","1","1","1.00"
"France",1960,"Athletics","2","0","1","1","2","1.00"
"France",1960,"Equestrianism","1","0","0","1","1","1.00"
"France",1960,"Rowing","1","0","1","0","1","1.00"
"France",1960,"Wrestling","1","0","0","1","1","1.00"
"France",1964,"Athletics","2","0","1","1","2","1.00"
"France",1964,"Boxing","1","0","1","0","1","1.00"
"France",1964,"Canoeing","1","0","1","0","1","1.00"
"France",1964,"Cycling","2","0","0","2","2","1.00"
"France",1964,"Fencing","4","0","2","3","5","1.25"
"France",1964,"Rowing","1","0","1","0","1","1.00"
"France",1964,"Swimming","1","0","1","0","1","1.00"
"France",1968,"Modern Pentathlon","1","0","0","1","1","1.00"
"France",1968,"Swimming","1","0","0","1","1","1.00"
"France",1968,"Wrestling","2","0","2","0","2","1.00"
"France",1972,"Athletics","2","0","1","1","2","1.00"
"France",1972,"Canoeing","1","0","0","1","1","1.00"
"France",1972,"Fencing","3","0","1","2","3","1.00"
"France",1972,"Judo","3","0","0","3","3","1.00"
"France",1972,"Shooting","1","0","1","0","1","1.00"
"France",1976,"Cycling","1","0","1","0","1","1.00"
"France",1976,"Fencing","3","0","1","2","3","1.00"
"France",1976,"Gymnastics","1","0","0","1","1","1.00"
"France",1976,"Judo","1","0","0","1","1","1.00"
"France",1976,"Weightlifting","1","0","1","0","1","1.00"
"France",1980,"Athletics","1","0","0","1","1","1.00"
"France",1980,"Canoeing","1","0","1","0","1","1.00"
"France",1980,"Cycling","2","0","2","0","2","1.00"
"France",1984,"Boxing","1","0","0","1","1","1.00"
"France",1984,"Canoeing","4","0","1","3","4","1.00"
"France",1984,"Cycling","1","0","0","1","1","1.00"
"France",1984,"Gymnastics","1","0","0","1","1","1.00"
"France",1984,"Judo","3","0","1","2","3","1.00"
"France",1984,"Modern Pentathlon","1","0","0","1","1","1.00"
"France",1984,"Sailing","1","0","0","1","1","1.00"
"France",1984,"Swimming","2","0","1","1","2","1.00"
"France",1988,"Athletics","1","0","0","1","1","1.00"
"France",1988,"Boxing","1","0","1","0","1","1.00"
"France",1988,"Canoeing","1","0","0","1","1","1.00"
"France",1988,"Shooting","1","0","1","0","1","1.00"
"France",1988,"Swimming","2","0","0","2","2","1.00"
"France",1992,"Canoeing","4","0","1","3","4","1.00"
"France",1992,"Cycling","2","0","1","1","2","1.00"
"France",1992,"Equestrianism","1","0","0","1","1","1.00"
"France",1992,"Handball","1","0","0","1","1","1.00"
"France",1992,"Shooting","1","0","1","0","1","1.00"
"France",1992,"Swimming","3","0","0","3","3","1.00"
"France",1992,"Table Tennis","1","0","1","0","1","1.00"
"France",1996,"Equestrianism","1","0","0","1","1","1.00"
"France",1996,"Rowing","4","0","1","3","4","1.00"
"France",1996,"Wrestling","1","0","1","0","1","1.00"
"France",2000,"Basketball","1","0","1","0","1","1.00"
"France",2000,"Gymnastics","2","0","2","0","2","1.00"
"France",2000,"Swimming","1","0","1","0","1","1.00"
"France",2000,"Synchronized Swimming","1","0","0","1","1","1.00"
"France",2000,"Table Tennis","1","0","0","1","1","1.00"
"France",2000,"Taekwondo","1","0","0","1","1","1.00"
"France",2000,"Tennis","1","0","0","1","1","1.00"
"France",2004,"Athletics","2","0","0","2","2","1.00"
"France",2004,"Boxing","1","0","1","0","1","1.00"
"France",2004,"Judo","1","0","1","0","1","1.00"
"France",2004,"Taekwondo","2","0","1","1","2","1.00"
"France",2004,"Tennis","1","0","1","0","1","1.00"
"France",2004,"Wrestling","2","0","0","2","2","1.00"
"France",2008,"Archery","1","0","0","1","1","1.00"
"France",2008,"Athletics","2","0","1","1","2","1.00"
"France",2008,"Boxing","3","0","2","1","3","1.00"
"France",2008,"Canoeing","2","0","1","1","2","1.00"
"France",2008,"Gymnastics","2","0","1","1","2","1.00"
"France",2008,"Judo","4","0","2","2","4","1.00"
"France",2008,"Rowing","2","0","0","2","2","1.00"
"France",2008,"Sailing","3","0","1","2","3","1.00"
"France",2008,"Shooting","1","0","0","1","1","1.00"
"France",2008,"Taekwondo","1","0","0","1","1","1.00"
"France",2008,"Weightlifting","1","0","1","0","1","1.00"
"France",2012,"Basketball","1","0","1","0","1","1.00"
"France",2012,"Gymnastics","1","0","0","1","1","1.00"
"France",2012,"Rowing","1","0","1","0","1","1.00"
"France",2012,"Sailing","1","0","0","1","1","1.00"
"France",2012,"Shooting","2","0","1","1","2","1.00"
"France",2012,"Taekwondo","2","0","1","1","2","1.00"
"France",2012,"Tennis","1","0","1","1","2","2.00"
"France",2012,"Wrestling","1","0","0","1","1","1.00"
"France",2016,"Archery","1","0","1","0","1","1.00"
"France",2016,"Athletics","6","0","3","3","6","1.00"
"France",2016,"Cycling","1","0","0","1","1","1.00"
"France",2016,"Handball","2","0","2","0","2","1.00"
"France",2016,"Modern Pentathlon","1","0","1","0","1","1.00"
"France",2016,"Shooting","2","0","1","1","2","1.00"
"France",2016,"Swimming","3","0","2","1","3","1.00"
"France",2016,"Taekwondo","1","0","1","0","1","1.00"
"Gabon",2012,"Taekwondo","1","0","1","0","1","1.00"
"Georgia",1996,"Judo","1","0","0","1","1","1.00"
"Georgia",1996,"Wrestling","1","0","0","1","1","1.00"
"Georgia",2000,"Boxing","1","0","0","1","1","1.00"
"Georgia",2000,"Judo","1","0","0","1","1","1.00"
"Georgia",2000,"Weightlifting","1","0","0","1","1","1.00"
"Georgia",2000,"Wrestling","3","0","0","3","3","1.00"
"Georgia",2004,"Wrestling","1","0","1","0","1","1.00"
"Georgia",2008,"Shooting","1","0","0","1","1","1.00"
"Georgia",2012,"Wrestling","6","0","3","3","6","1.00"
"Georgia",2016,"Judo","2","0","1","1","2","1.00"
"Germany",1904,"Athletics","1","0","0","1","1","1.00"
"Germany",1904,"Diving","1","0","1","0","1","1.00"
"Germany",1904,"Gymnastics","2","0","1","1","2","1.00"
"Germany",1904,"Tug-Of-War","1","0","0","1","1","1.00"
"Germany",1904,"Weightlifting","2","0","0","2","2","1.00"
"Germany",1904,"Wrestling","1","0","1","0","1","1.00"
"Germany",1908,"Athletics","2","0","1","1","2","1.00"
"Germany",1908,"Cycling","2","0","1","1","2","1.00"
"Germany",1908,"Rowing","2","0","0","2","2","1.00"
"Germany",1908,"Tennis","1","0","1","0","1","1.00"
"Germany",1912,"Athletics","2","0","2","0","2","1.00"
"Germany",1912,"Equestrianism","4","0","3","1","4","1.00"
"Germany",1912,"Shooting","2","0","1","1","2","1.00"
"Germany",1912,"Wrestling","1","0","1","0","1","1.00"
"Germany",1928,"Boxing","1","0","1","0","1","1.00"
"Germany",1928,"Cycling","1","0","0","1","1","1.00"
"Germany",1928,"Hockey","1","0","0","1","1","1.00"
"Germany",1928,"Modern Pentathlon","1","0","0","1","1","1.00"
"Germany",1932,"Athletics","4","0","2","3","5","1.25"
"Germany",1932,"Boxing","3","0","3","0","3","1.00"
"Germany",1932,"Shooting","1","0","1","0","1","1.00"
"Germany",1932,"Water Polo","1","0","1","0","1","1.00"
"Germany",1936,"Diving","2","0","0","2","2","1.00"
"Germany",1936,"Fencing","3","0","1","2","3","1.00"
"Germany",1936,"Hockey","1","0","1","0","1","1.00"
"Germany",1936,"Swimming","4","0","3","1","4","1.00"
"Germany",1936,"Water Polo","1","0","1","0","1","1.00"
"Germany",1936,"Wrestling","7","0","3","4","7","1.00"
"Germany",1952,"Athletics","8","0","3","5","8","1.00"
"Germany",1952,"Boxing","2","0","1","1","2","1.00"
"Germany",1952,"Canoeing","3","0","0","3","3","1.00"
"Germany",1952,"Cycling","2","0","0","2","2","1.00"
"Germany",1952,"Diving","1","0","0","1","1","1.00"
"Germany",1952,"Equestrianism","4","0","1","3","4","1.00"
"Germany",1952,"Gymnastics","1","0","1","0","1","1.00"
"Germany",1952,"Rowing","1","0","1","0","1","1.00"
"Germany",1952,"Sailing","1","0","0","1","1","1.00"
"Germany",1952,"Swimming","1","0","0","1","1","1.00"
"Germany",1956,"Athletics","7","0","5","2","7","1.00"
"Germany",1956,"Cycling","1","0","0","1","1","1.00"
"Germany",1956,"Hockey","1","0","0","1","1","1.00"
"Germany",1956,"Rowing","1","0","1","0","1","1.00"
"Germany",1956,"Wrestling","1","0","1","0","1","1.00"
"Germany",1960,"Boxing","1","0","0","1","1","1.00"
"Germany",1960,"Cycling","4","0","4","0","4","1.00"
"Germany",1960,"Sailing","1","0","0","1","1","1.00"
"Germany",1960,"Swimming","3","0","1","3","4","1.33"
"Germany",1964,"Boxing","3","0","2","1","3","1.00"
"Germany",1964,"Fencing","2","0","1","1","2","1.00"
"Germany",1964,"Football","1","0","0","1","1","1.00"
"Germany",1964,"Gymnastics","2","0","1","1","2","1.00"
"Germany",1964,"Judo","2","0","1","1","2","1.00"
"Germany",1964,"Swimming","6","0","4","2","6","1.00"
"Germany",1964,"Wrestling","4","0","1","3","4","1.00"
"Germany",1968,"Cycling","1","0","1","0","1","1.00"
"Germany",1968,"Gymnastics","4","0","2","2","4","1.00"
"Germany",1968,"Sailing","2","0","1","1","2","1.00"
"Germany",1972,"Diving","2","0","0","2","2","1.00"
"Germany",1972,"Football","1","0","0","1","1","1.00"
"Germany",1972,"Judo","3","0","1","2","3","1.00"
"Germany",1972,"Sailing","3","0","1","2","3","1.00"
"Germany",1972,"Volleyball","1","0","1","0","1","1.00"
"Germany",1972,"Weightlifting","2","0","1","2","3","1.50"
"Germany",1972,"Wrestling","3","0","2","1","3","1.00"
"Germany",1976,"Diving","1","0","1","0","1","1.00"
"Germany",1976,"Gymnastics","5","0","1","4","5","1.00"
"Germany",1976,"Handball","1","0","1","0","1","1.00"
"Germany",1976,"Judo","1","0","1","0","1","1.00"
"Germany",1976,"Weightlifting","2","0","1","2","3","1.50"
"Germany",1976,"Wrestling","4","0","1","3","4","1.00"
"Germany",1980,"Football","1","0","1","0","1","1.00"
"Germany",1980,"Sailing","1","0","1","0","1","1.00"
"Germany",1980,"Shooting","6","0","5","1","6","1.00"
"Germany",1980,"Volleyball","1","0","1","0","1","1.00"
"Germany",1980,"Weightlifting","3","0","2","1","3","1.00"
"Germany",1980,"Wrestling","1","0","1","0","1","1.00"
"Germany",1984,"Boxing","1","0","0","1","1","1.00"
"Germany",1984,"Handball","1","0","1","0","1","1.00"
"Germany",1984,"Hockey","2","0","2","0","2","1.00"
"Germany",1984,"Rhythmic Gymnastics","1","0","0","1","1","1.00"
"Germany",1984,"Sailing","1","0","1","0","1","1.00"
"Germany",1984,"Shooting","1","0","1","0","1","1.00"
"Germany",1984,"Water Polo","1","0","0","1","1","1.00"
"Germany",1988,"Football","1","0","0","1","1","1.00"
"Germany",1988,"Hockey","1","0","1","0","1","1.00"
"Germany",1988,"Judo","4","0","4","1","5","1.25"
"Germany",1988,"Wrestling","2","0","1","1","2","1.00"
"Germany",1992,"Diving","1","0","0","1","1","1.00"
"Germany",1992,"Gymnastics","3","0","1","2","3","1.00"
"Germany",1992,"Judo","2","0","0","2","2","1.00"
"Germany",1992,"Table Tennis","1","0","1","0","1","1.00"
"Germany",1996,"Archery","1","0","1","0","1","1.00"
"Germany",1996,"Boxing","4","0","1","3","4","1.00"
"Germany",1996,"Diving","2","0","2","0","2","1.00"
"Germany",1996,"Fencing","1","0","0","1","1","1.00"
"Germany",1996,"Swimming","11","0","5","7","12","1.09"
"Germany",1996,"Table Tennis","1","0","0","1","1","1.00"
"Germany",1996,"Tennis","1","0","0","1","1","1.00"
"Germany",1996,"Weightlifting","3","0","2","1","3","1.00"
"Germany",1996,"Wrestling","3","0","1","2","3","1.00"
"Germany",2000,"Archery","1","0","0","1","1","1.00"
"Germany",2000,"Beach Volleyball","1","0","0","1","1","1.00"
"Germany",2000,"Boxing","1","0","0","1","1","1.00"
"Germany",2000,"Diving","2","0","0","2","2","1.00"
"Germany",2000,"Fencing","5","0","2","3","5","1.00"
"Germany",2000,"Football","1","0","0","1","1","1.00"
"Germany",2000,"Judo","1","0","0","1","1","1.00"
"Germany",2000,"Sailing","3","0","2","1","3","1.00"
"Germany",2000,"Swimming","3","0","0","3","3","1.00"
"Germany",2000,"Taekwondo","1","0","1","0","1","1.00"
"Germany",2000,"Tennis","1","0","1","0","1","1.00"
"Germany",2000,"Triathlon","1","0","1","0","1","1.00"
"Germany",2000,"Weightlifting","2","0","2","0","2","1.00"
"Germany",2004,"Athletics","2","0","2","0","2","1.00"
"Germany",2004,"Boxing","2","0","0","2","2","1.00"
"Germany",2004,"Diving","1","0","1","0","1","1.00"
"Germany",2004,"Fencing","2","0","1","1","2","1.00"
"Germany",2004,"Football","1","0","0","1","1","1.00"
"Germany",2004,"Handball","1","0","1","0","1","1.00"
"Germany",2004,"Swimming","5","0","1","4","5","1.00"
"Germany",2004,"Tennis","1","0","1","0","1","1.00"
"Germany",2008,"Athletics","1","0","0","1","1","1.00"
"Germany",2008,"Diving","2","0","1","1","2","1.00"
"Germany",2008,"Football","1","0","0","1","1","1.00"
"Germany",2008,"Gymnastics","2","0","1","1","2","1.00"
"Germany",2008,"Rowing","2","0","1","1","2","1.00"
"Germany",2008,"Sailing","1","0","0","1","1","1.00"
"Germany",2008,"Shooting","3","0","1","3","4","1.33"
"Germany",2008,"Table Tennis","1","0","1","0","1","1.00"
"Germany",2008,"Wrestling","1","0","1","0","1","1.00"
"Germany",2012,"Fencing","2","0","1","1","2","1.00"
"Germany",2012,"Gymnastics","3","0","3","0","3","1.00"
"Germany",2012,"Judo","4","0","2","2","4","1.00"
"Germany",2012,"Swimming","1","0","1","0","1","1.00"
"Germany",2012,"Table Tennis","2","0","0","2","2","1.00"
"Germany",2012,"Taekwondo","1","0","0","1","1","1.00"
"Germany",2016,"Archery","1","0","1","0","1","1.00"
"Germany",2016,"Boxing","1","0","0","1","1","1.00"
"Germany",2016,"Diving","1","0","0","1","1","1.00"
"Germany",2016,"Handball","1","0","0","1","1","1.00"
"Germany",2016,"Hockey","2","0","0","2","2","1.00"
"Germany",2016,"Judo","1","0","0","1","1","1.00"
"Germany",2016,"Sailing","1","0","0","1","1","1.00"
"Germany",2016,"Table Tennis","2","0","1","1","2","1.00"
"Germany",2016,"Tennis","1","0","1","0","1","1.00"
"Germany",2016,"Wrestling","1","0","0","1","1","1.00"
"Ghana",1960,"Boxing","1","0","1","0","1","1.00"
"Ghana",1964,"Boxing","1","0","0","1","1","1.00"
"Ghana",1972,"Boxing","1","0","0","1","1","1.00"
"Ghana",1992,"Football","1","0","0","1","1","1.00"
"Greece",1904,"Athletics","1","0","0","1","1","1.00"
"Greece",1908,"Athletics","3","0","3","0","3","1.00"
"Greece",1908,"Shooting","1","0","0","1","1","1.00"
"Greece",1920,"Shooting","1","0","1","0","1","1.00"
"Greece",1956,"Athletics","1","0","0","1","1","1.00"
"Greece",1968,"Wrestling","1","0","0","1","1","1.00"
"Greece",1972,"Sailing","1","0","1","0","1","1.00"
"Greece",1972,"Wrestling","1","0","1","0","1","1.00"
"Greece",1980,"Sailing","1","0","0","1","1","1.00"
"Greece",1984,"Wrestling","2","0","1","1","2","1.00"
"Greece",1988,"Wrestling","1","0","0","1","1","1.00"
"Greece",1996,"Athletics","1","0","1","0","1","1.00"
"Greece",2000,"Gymnastics","1","0","1","0","1","1.00"
"Greece",2000,"Rhythmic Gymnastics","1","0","0","1","1","1.00"
"Greece",2000,"Wrestling","1","0","0","1","1","1.00"
"Greece",2004,"Rowing","1","0","0","1","1","1.00"
"Greece",2004,"Taekwondo","2","0","2","0","2","1.00"
"Greece",2004,"Water Polo","1","0","1","0","1","1.00"
"Greece",2004,"Weightlifting","1","0","0","1","1","1.00"
"Greece",2004,"Wrestling","1","0","0","1","1","1.00"
"Greece",2008,"Athletics","1","0","0","1","1","1.00"
"Greece",2008,"Rowing","1","0","1","0","1","1.00"
"Greece",2008,"Sailing","1","0","0","1","1","1.00"
"Greece",2008,"Taekwondo","1","0","1","0","1","1.00"
"Greece",2012,"Judo","1","0","0","1","1","1.00"
"Greece",2012,"Rowing","1","0","0","1","1","1.00"
"Greece",2016,"Sailing","1","0","0","1","1","1.00"
"Greece",2016,"Swimming","1","0","1","0","1","1.00"
"Grenada",2016,"Athletics","1","0","1","0","1","1.00"
"Guatemala",2012,"Athletics","1","0","1","0","1","1.00"
"Guyana",1980,"Boxing","1","0","0","1","1","1.00"
"Haiti",1924,"Shooting","1","0","0","1","1","1.00"
"Haiti",1928,"Athletics","1","0","1","0","1","1.00"
"Hungary",1908,"Athletics","2","0","1","1","2","1.00"
"Hungary",1908,"Rowing","1","0","0","1","1","1.00"
"Hungary",1908,"Swimming","2","0","2","0","2","1.00"
"Hungary",1912,"Athletics","1","0","0","1","1","1.00"
"Hungary",1912,"Gymnastics","1","0","1","0","1","1.00"
"Hungary",1912,"Wrestling","1","0","0","1","1","1.00"
"Hungary",1924,"Art Competitions","1","0","1","0","1","1.00"
"Hungary",1924,"Athletics","1","0","1","0","1","1.00"
"Hungary",1924,"Swimming","1","0","0","1","1","1.00"
"Hungary",1924,"Wrestling","2","0","1","1","2","1.00"
"Hungary",1928,"Athletics","1","0","1","0","1","1.00"
"Hungary",1928,"Swimming","1","0","1","0","1","1.00"
"Hungary",1928,"Water Polo","1","0","1","0","1","1.00"
"Hungary",1932,"Art Competitions","1","0","1","0","1","1.00"
"Hungary",1932,"Shooting","1","0","0","1","1","1.00"
"Hungary",1932,"Swimming","1","0","0","1","1","1.00"
"Hungary",1932,"Wrestling","3","0","2","1","3","1.00"
"Hungary",1936,"Equestrianism","1","0","0","1","1","1.00"
"Hungary",1936,"Gymnastics","1","0","0","1","1","1.00"
"Hungary",1936,"Shooting","1","0","1","0","1","1.00"
"Hungary",1948,"Art Competitions","1","0","0","1","1","1.00"
"Hungary",1948,"Rowing","1","0","0","1","1","1.00"
"Hungary",1948,"Swimming","4","0","1","3","4","1.00"
"Hungary",1948,"Water Polo","1","0","1","0","1","1.00"
"Hungary",1952,"Canoeing","3","0","2","1","3","1.00"
"Hungary",1956,"Athletics","2","0","2","0","2","1.00"
"Hungary",1956,"Swimming","2","0","1","1","2","1.00"
"Hungary",1956,"Wrestling","2","0","1","1","2","1.00"
"Hungary",1960,"Athletics","3","0","1","2","3","1.00"
"Hungary",1960,"Football","1","0","0","1","1","1.00"
"Hungary",1960,"Water Polo","1","0","0","1","1","1.00"
"Hungary",1960,"Weightlifting","1","0","0","1","1","1.00"
"Hungary",1960,"Wrestling","1","0","1","0","1","1.00"
"Hungary",1964,"Athletics","4","0","3","1","4","1.00"
"Hungary",1964,"Canoeing","1","0","1","0","1","1.00"
"Hungary",1964,"Gymnastics","2","0","1","1","2","1.00"
"Hungary",1964,"Weightlifting","2","0","2","1","3","1.50"
"Hungary",1968,"Rowing","1","0","1","0","1","1.00"
"Hungary",1968,"Shooting","1","0","1","0","1","1.00"
"Hungary",1968,"Water Polo","1","0","0","1","1","1.00"
"Hungary",1968,"Weightlifting","2","0","1","1","2","1.00"
"Hungary",1972,"Canoeing","4","0","2","2","4","1.00"
"Hungary",1972,"Football","1","0","1","0","1","1.00"
"Hungary",1972,"Gymnastics","1","0","0","1","1","1.00"
"Hungary",1972,"Shooting","1","0","0","1","1","1.00"
"Hungary",1972,"Swimming","3","0","1","2","3","1.00"
"Hungary",1972,"Water Polo","1","0","1","0","1","1.00"
"Hungary",1976,"Canoeing","8","0","3","5","8","1.00"
"Hungary",1976,"Handball","1","0","0","1","1","1.00"
"Hungary",1976,"Judo","1","0","0","1","1","1.00"
"Hungary",1976,"Modern Pentathlon","1","0","0","1","1","1.00"
"Hungary",1976,"Weightlifting","2","0","1","1","2","1.00"
"Hungary",1976,"Wrestling","2","0","1","1","2","1.00"
"Hungary",1980,"Boxing","2","0","0","2","2","1.00"
"Hungary",1980,"Fencing","5","0","2","3","5","1.00"
"Hungary",1980,"Judo","2","0","0","2","2","1.00"
"Hungary",1980,"Modern Pentathlon","2","0","2","0","2","1.00"
"Hungary",1980,"Sailing","1","0","0","1","1","1.00"
"Hungary",1980,"Water Polo","1","0","0","1","1","1.00"
"Hungary",1988,"Boxing","1","0","0","1","1","1.00"
"Hungary",1988,"Shooting","2","0","0","2","2","1.00"
"Hungary",1988,"Weightlifting","2","0","2","0","2","1.00"
"Hungary",1992,"Boxing","3","0","0","3","3","1.00"
"Hungary",1992,"Modern Pentathlon","1","0","1","0","1","1.00"
"Hungary",1996,"Fencing","3","0","1","2","3","1.00"
"Hungary",1996,"Gymnastics","1","0","1","0","1","1.00"
"Hungary",1996,"Handball","1","0","0","1","1","1.00"
"Hungary",1996,"Modern Pentathlon","1","0","0","1","1","1.00"
"Hungary",1996,"Weightlifting","1","0","0","1","1","1.00"
"Hungary",2000,"Boxing","1","0","0","1","1","1.00"
"Hungary",2000,"Handball","1","0","1","0","1","1.00"
"Hungary",2000,"Modern Pentathlon","1","0","1","0","1","1.00"
"Hungary",2000,"Shooting","1","0","0","1","1","1.00"
"Hungary",2000,"Weightlifting","1","0","1","0","1","1.00"
"Hungary",2000,"Wrestling","1","0","1","0","1","1.00"
"Hungary",2004,"Athletics","1","0","1","0","1","1.00"
"Hungary",2004,"Swimming","2","0","1","1","2","1.00"
"Hungary",2004,"Weightlifting","1","0","1","0","1","1.00"
"Hungary",2008,"Fencing","1","0","0","1","1","1.00"
"Hungary",2008,"Swimming","3","0","3","0","3","1.00"
"Hungary",2008,"Wrestling","1","0","1","0","1","1.00"
"Hungary",2012,"Judo","2","0","1","1","2","1.00"
"Hungary",2012,"Modern Pentathlon","1","0","0","1","1","1.00"
"Hungary",2012,"Wrestling","3","0","1","2","3","1.00"
"Hungary",2016,"Athletics","1","0","0","1","1","1.00"
"Iceland",1956,"Athletics","1","0","1","0","1","1.00"
"Iceland",1984,"Judo","1","0","0","1","1","1.00"
"Iceland",2000,"Athletics","1","0","0","1","1","1.00"
"Iceland",2008,"Handball","1","0","1","0","1","1.00"
"India",1952,"Wrestling","1","0","0","1","1","1.00"
"India",1960,"Hockey","1","0","1","0","1","1.00"
"India",1968,"Hockey","1","0","0","1","1","1.00"
"India",1972,"Hockey","1","0","0","1","1","1.00"
"India",1996,"Tennis","1","0","0","1","1","1.00"
"India",2000,"Weightlifting","1","0","0","1","1","1.00"
"India",2004,"Shooting","1","0","1","0","1","1.00"
"India",2008,"Boxing","1","0","0","1","1","1.00"
"India",2008,"Wrestling","1","0","0","1","1","1.00"
"India",2012,"Badminton","1","0","0","1","1","1.00"
"India",2012,"Boxing","1","0","0","1","1","1.00"
"India",2012,"Shooting","2","0","1","1","2","1.00"
"India",2012,"Wrestling","2","0","1","1","2","1.00"
"India",2016,"Badminton","1","0","1","0","1","1.00"
"India",2016,"Wrestling","1","0","0","1","1","1.00"
"Individual Olympic Athletes",1992,"Shooting","3","0","1","2","3","1.00"
"Indonesia",1988,"Archery","1","0","1","0","1","1.00"
"Indonesia",2000,"Weightlifting","2","0","1","2","3","1.50"
"Indonesia",2004,"Weightlifting","1","0","1","0","1","1.00"
"Indonesia",2008,"Weightlifting","2","0","0","2","2","1.00"
"Indonesia",2012,"Weightlifting","2","0","1","1","2","1.00"
"Indonesia",2016,"Weightlifting","2","0","2","0","2","1.00"
"Iran",1948,"Weightlifting","1","0","0","1","1","1.00"
"Iran",1952,"Weightlifting","1","0","1","1","2","2.00"
"Iran",1952,"Wrestling","5","0","2","3","5","1.00"
"Iran",1956,"Weightlifting","1","0","0","1","1","1.00"
"Iran",1960,"Weightlifting","1","0","0","1","1","1.00"
"Iran",1960,"Wrestling","3","0","1","2","3","1.00"
"Iran",1964,"Wrestling","2","0","0","2","2","1.00"
"Iran",1972,"Weightlifting","1","0","1","0","1","1.00"
"Iran",1972,"Wrestling","2","0","1","1","2","1.00"
"Iran",1976,"Weightlifting","1","0","0","1","1","1.00"
"Iran",1976,"Wrestling","1","0","1","0","1","1.00"
"Iran",1988,"Wrestling","1","0","1","0","1","1.00"
"Iran",1992,"Wrestling","3","0","1","2","3","1.00"
"Iran",2000,"Taekwondo","1","0","0","1","1","1.00"
"Iran",2004,"Wrestling","3","0","2","1","3","1.00"
"Iran",2008,"Wrestling","1","0","0","1","1","1.00"
"Iran",2012,"Athletics","1","0","1","0","1","1.00"
"Iran",2012,"Taekwondo","1","0","1","0","1","1.00"
"Iran",2016,"Taekwondo","1","0","0","1","1","1.00"
"Iraq",1960,"Weightlifting","1","0","0","1","1","1.00"
"Ireland",1924,"Art Competitions","2","0","1","1","2","1.00"
"Ireland",1948,"Art Competitions","1","0","0","1","1","1.00"
"Ireland",1952,"Boxing","1","0","1","0","1","1.00"
"Ireland",1956,"Boxing","4","0","1","3","4","1.00"
"Ireland",1964,"Boxing","1","0","0","1","1","1.00"
"Ireland",1980,"Boxing","1","0","0","1","1","1.00"
"Ireland",1980,"Sailing","1","0","1","0","1","1.00"
"Ireland",1984,"Athletics","1","0","1","0","1","1.00"
"Ireland",2000,"Athletics","1","0","1","0","1","1.00"
"Ireland",2008,"Boxing","3","0","1","2","3","1.00"
"Ireland",2012,"Equestrianism","1","0","0","1","1","1.00"
"Ireland",2016,"Rowing","1","0","1","0","1","1.00"
"Ireland",2016,"Sailing","1","0","1","0","1","1.00"
"Israel",1992,"Judo","2","0","1","1","2","1.00"
"Israel",1996,"Sailing","1","0","0","1","1","1.00"
"Israel",2000,"Canoeing","1","0","0","1","1","1.00"
"Israel",2004,"Judo","1","0","0","1","1","1.00"
"Israel",2008,"Sailing","1","0","0","1","1","1.00"
"Israel",2016,"Judo","2","0","0","2","2","1.00"
"Italy",1908,"Athletics","1","0","1","0","1","1.00"
"Italy",1908,"Fencing","1","0","1","0","1","1.00"
"Italy",1912,"Athletics","1","0","0","1","1","1.00"
"Italy",1920,"Boxing","1","0","0","1","1","1.00"
"Italy",1924,"Equestrianism","2","0","1","1","2","1.00"
"Italy",1924,"Rowing","2","0","1","1","2","1.00"
"Italy",1924,"Tennis","1","0","0","1","1","1.00"
"Italy",1928,"Art Competitions","1","0","1","0","1","1.00"
"Italy",1928,"Football","1","0","0","1","1","1.00"
"Italy",1928,"Gymnastics","2","0","2","0","2","1.00"
"Italy",1928,"Weightlifting","2","0","2","0","2","1.00"
"Italy",1928,"Wrestling","2","0","0","2","2","1.00"
"Italy",1932,"Boxing","2","0","2","0","2","1.00"
"Italy",1932,"Rowing","3","0","2","1","3","1.00"
"Italy",1932,"Weightlifting","2","0","1","1","2","1.00"
"Italy",1936,"Cycling","1","0","1","0","1","1.00"
"Italy",1936,"Modern Pentathlon","1","0","0","1","1","1.00"
"Italy",1936,"Rowing","2","0","2","0","2","1.00"
"Italy",1952,"Water Polo","1","0","0","1","1","1.00"
"Italy",1952,"Wrestling","1","0","1","0","1","1.00"
"Italy",1956,"Boxing","2","0","1","1","2","1.00"
"Italy",1956,"Equestrianism","2","0","2","1","3","1.50"
"Italy",1956,"Sailing","1","0","1","0","1","1.00"
"Italy",1956,"Weightlifting","2","0","0","2","2","1.00"
"Italy",1956,"Wrestling","2","0","1","1","2","1.00"
"Italy",1960,"Canoeing","1","0","1","0","1","1.00"
"Italy",1960,"Gymnastics","3","0","1","2","3","1.00"
"Italy",1960,"Rowing","2","0","1","1","2","1.00"
"Italy",1960,"Sailing","1","0","0","1","1","1.00"
"Italy",1960,"Shooting","1","0","1","0","1","1.00"
"Italy",1960,"Weightlifting","1","0","0","1","1","1.00"
"Italy",1964,"Diving","1","0","1","0","1","1.00"
"Italy",1964,"Fencing","3","0","2","1","3","1.00"
"Italy",1964,"Rowing","1","0","1","0","1","1.00"
"Italy",1968,"Athletics","2","0","0","2","2","1.00"
"Italy",1968,"Boxing","1","0","0","1","1","1.00"
"Italy",1968,"Fencing","2","0","1","1","2","1.00"
"Italy",1968,"Sailing","2","0","0","2","2","1.00"
"Italy",1968,"Shooting","1","0","1","0","1","1.00"
"Italy",1972,"Athletics","2","0","0","2","2","1.00"
"Italy",1972,"Swimming","3","0","1","2","3","1.00"
"Italy",1972,"Weightlifting","1","0","0","1","1","1.00"
"Italy",1972,"Wrestling","2","0","0","2","2","1.00"
"Italy",1976,"Archery","1","0","0","1","1","1.00"
"Italy",1976,"Athletics","1","0","1","0","1","1.00"
"Italy",1976,"Cycling","1","0","1","0","1","1.00"
"Italy",1976,"Judo","1","0","0","1","1","1.00"
"Italy",1976,"Shooting","2","0","0","2","2","1.00"
"Italy",1976,"Water Polo","1","0","1","0","1","1.00"
"Italy",1980,"Archery","1","0","0","1","1","1.00"
"Italy",1980,"Basketball","1","0","1","0","1","1.00"
"Italy",1980,"Diving","1","0","0","1","1","1.00"
"Italy",1980,"Fencing","1","0","1","0","1","1.00"
"Italy",1980,"Sailing","1","0","0","1","1","1.00"
"Italy",1984,"Judo","1","0","1","0","1","1.00"
"Italy",1984,"Sailing","1","0","0","1","1","1.00"
"Italy",1984,"Volleyball","1","0","0","1","1","1.00"
"Italy",1988,"Modern Pentathlon","2","0","2","0","2","1.00"
"Italy",1988,"Swimming","1","0","0","1","1","1.00"
"Italy",1992,"Athletics","1","0","0","1","1","1.00"
"Italy",1992,"Judo","1","0","1","0","1","1.00"
"Italy",1992,"Modern Pentathlon","1","0","0","1","1","1.00"
"Italy",1992,"Rowing","2","0","1","1","2","1.00"
"Italy",1992,"Shooting","2","0","0","2","2","1.00"
"Italy",1992,"Swimming","2","0","0","2","2","1.00"
"Italy",1992,"Wrestling","1","0","1","0","1","1.00"
"Italy",1996,"Archery","1","0","0","1","1","1.00"
"Italy",1996,"Athletics","4","0","2","2","4","1.00"
"Italy",1996,"Judo","2","0","1","1","2","1.00"
"Italy",1996,"Sailing","1","0","0","1","1","1.00"
"Italy",1996,"Swimming","1","0","0","1","1","1.00"
"Italy",1996,"Volleyball","1","0","1","0","1","1.00"
"Italy",1996,"Water Polo","1","0","0","1","1","1.00"
"Italy",2000,"Archery","1","0","1","0","1","1.00"
"Italy",2000,"Athletics","2","0","2","0","2","1.00"
"Italy",2000,"Boxing","1","0","0","1","1","1.00"
"Italy",2000,"Shooting","2","0","1","1","2","1.00"
"Italy",2000,"Volleyball","1","0","0","1","1","1.00"
"Italy",2004,"Basketball","1","0","1","0","1","1.00"
"Italy",2004,"Boxing","1","0","0","1","1","1.00"
"Italy",2004,"Canoeing","2","0","2","0","2","1.00"
"Italy",2004,"Football","1","0","0","1","1","1.00"
"Italy",2004,"Judo","1","0","0","1","1","1.00"
"Italy",2004,"Rhythmic Gymnastics","1","0","1","0","1","1.00"
"Italy",2004,"Rowing","3","0","0","3","3","1.00"
"Italy",2004,"Sailing","1","0","0","1","1","1.00"
"Italy",2004,"Swimming","2","0","1","1","2","1.00"
"Italy",2004,"Volleyball","1","0","1","0","1","1.00"
"Italy",2008,"Archery","1","0","1","0","1","1.00"
"Italy",2008,"Canoeing","2","0","1","1","2","1.00"
"Italy",2008,"Cycling","1","0","0","1","1","1.00"
"Italy",2008,"Rowing","1","0","1","0","1","1.00"
"Italy",2008,"Sailing","2","0","1","1","2","1.00"
"Italy",2008,"Taekwondo","1","0","1","0","1","1.00"
"Italy",2012,"Athletics","1","0","0","1","1","1.00"
"Italy",2012,"Boxing","3","0","2","1","3","1.00"
"Italy",2012,"Cycling","1","0","0","1","1","1.00"
"Italy",2012,"Gymnastics","1","0","0","1","1","1.00"
"Italy",2012,"Judo","1","0","0","1","1","1.00"
"Italy",2012,"Rhythmic Gymnastics","1","0","0","1","1","1.00"
"Italy",2012,"Rowing","1","0","1","0","1","1.00"
"Italy",2012,"Swimming","1","0","0","1","1","1.00"
"Italy",2012,"Volleyball","1","0","0","1","1","1.00"
"Italy",2012,"Water Polo","1","0","1","0","1","1.00"
"Italy",2016,"Beach Volleyball","1","0","1","0","1","1.00"
"Italy",2016,"Diving","2","0","1","1","2","1.00"
"Italy",2016,"Rowing","2","0","0","2","2","1.00"
"Italy",2016,"Volleyball","1","0","1","0","1","1.00"
"Italy",2016,"Water Polo","2","0","1","1","2","1.00"
"Italy",2016,"Wrestling","1","0","0","1","1","1.00"
"Ivory Coast",1984,"Athletics","1","0","1","0","1","1.00"
"Jamaica",1968,"Athletics","1","0","1","0","1","1.00"
"Jamaica",1972,"Athletics","1","0","0","1","1","1.00"
"Jamaica",1980,"Athletics","2","0","0","2","2","1.00"
"Jamaica",1980,"Cycling","1","0","0","1","1","1.00"
"Jamaica",1984,"Athletics","3","0","1","2","3","1.00"
"Jamaica",1988,"Athletics","2","0","2","0","2","1.00"
"Jamaica",1992,"Athletics","3","0","3","1","4","1.33"
"Jamaica",2000,"Athletics","8","0","6","3","9","1.13"
"Japan",1920,"Tennis","2","0","2","0","2","1.00"
"Japan",1924,"Wrestling","1","0","0","1","1","1.00"
"Japan",1932,"Hockey","1","0","1","0","1","1.00"
"Japan",1936,"Art Competitions","2","0","0","2","2","1.00"
"Japan",1952,"Gymnastics","2","0","2","1","3","1.50"
"Japan",1952,"Swimming","3","0","3","0","3","1.00"
"Japan",1960,"Boxing","1","0","0","1","1","1.00"
"Japan",1960,"Shooting","1","0","0","1","1","1.00"
"Japan",1960,"Swimming","5","0","3","2","5","1.00"
"Japan",1960,"Weightlifting","1","0","1","0","1","1.00"
"Japan",1960,"Wrestling","1","0","1","0","1","1.00"
"Japan",1964,"Athletics","1","0","0","1","1","1.00"
"Japan",1964,"Shooting","1","0","0","1","1","1.00"
"Japan",1964,"Swimming","1","0","0","1","1","1.00"
"Japan",1968,"Athletics","1","0","1","0","1","1.00"
"Japan",1968,"Boxing","1","0","0","1","1","1.00"
"Japan",1968,"Football","1","0","0","1","1","1.00"
"Japan",1968,"Volleyball","2","0","2","0","2","1.00"
"Japan",1976,"Archery","1","0","1","0","1","1.00"
"Japan",1976,"Weightlifting","2","0","0","2","2","1.00"
"Japan",1984,"Archery","1","0","0","1","1","1.00"
"Japan",1984,"Cycling","1","0","0","1","1","1.00"
"Japan",1984,"Synchronized Swimming","2","0","0","2","2","1.00"
"Japan",1984,"Volleyball","1","0","0","1","1","1.00"
"Japan",1984,"Weightlifting","3","0","0","3","3","1.00"
"Japan",1988,"Gymnastics","2","0","0","2","2","1.00"
"Japan",1988,"Shooting","1","0","1","0","1","1.00"
"Japan",1988,"Synchronized Swimming","2","0","0","2","2","1.00"
"Japan",1992,"Athletics","2","0","2","0","2","1.00"
"Japan",1992,"Baseball","1","0","0","1","1","1.00"
"Japan",1992,"Gymnastics","3","0","1","2","3","1.00"
"Japan",1992,"Shooting","2","0","1","1","2","1.00"
"Japan",1992,"Synchronized Swimming","2","0","0","2","2","1.00"
"Japan",1992,"Wrestling","1","0","0","1","1","1.00"
"Japan",1996,"Athletics","1","0","0","1","1","1.00"
"Japan",1996,"Baseball","1","0","1","0","1","1.00"
"Japan",1996,"Cycling","1","0","0","1","1","1.00"
"Japan",1996,"Sailing","1","0","1","0","1","1.00"
"Japan",1996,"Synchronized Swimming","1","0","0","1","1","1.00"
"Japan",1996,"Wrestling","1","0","0","1","1","1.00"
"Japan",2000,"Softball","1","0","1","0","1","1.00"
"Japan",2000,"Swimming","4","0","2","2","4","1.00"
"Japan",2000,"Synchronized Swimming","2","0","2","0","2","1.00"
"Japan",2000,"Taekwondo","1","0","0","1","1","1.00"
"Japan",2000,"Wrestling","1","0","1","0","1","1.00"
"Japan",2004,"Archery","1","0","1","0","1","1.00"
"Japan",2004,"Baseball","1","0","0","1","1","1.00"
"Japan",2004,"Cycling","1","0","1","0","1","1.00"
"Japan",2004,"Sailing","1","0","0","1","1","1.00"
"Japan",2004,"Softball","1","0","0","1","1","1.00"
"Japan",2004,"Synchronized Swimming","2","0","2","0","2","1.00"
"Japan",2008,"Athletics","1","0","1","0","1","1.00"
"Japan",2008,"Cycling","1","0","0","1","1","1.00"
"Japan",2008,"Fencing","1","0","1","0","1","1.00"
"Japan",2008,"Gymnastics","2","0","2","0","2","1.00"
"Japan",2008,"Synchronized Swimming","1","0","0","1","1","1.00"
"Japan",2012,"Archery","2","0","1","1","2","1.00"
"Japan",2012,"Athletics","1","0","0","1","1","1.00"
"Japan",2012,"Badminton","1","0","1","0","1","1.00"
"Japan",2012,"Fencing","1","0","1","0","1","1.00"
"Japan",2012,"Football","1","0","1","0","1","1.00"
"Japan",2012,"Swimming","11","0","3","8","11","1.00"
"Japan",2012,"Table Tennis","1","0","1","0","1","1.00"
"Japan",2012,"Volleyball","1","0","0","1","1","1.00"
"Japan",2012,"Weightlifting","1","0","1","0","1","1.00"
"Japan",2016,"Athletics","2","0","1","1","2","1.00"
"Japan",2016,"Canoeing","1","0","0","1","1","1.00"
"Japan",2016,"Synchronized Swimming","2","0","0","2","2","1.00"
"Japan",2016,"Table Tennis","3","0","1","2","3","1.00"
"Japan",2016,"Tennis","1","0","0","1","1","1.00"
"Japan",2016,"Weightlifting","1","0","0","1","1","1.00"
"Kazakhstan",1996,"Shooting","3","0","2","1","3","1.00"
"Kazakhstan",1996,"Weightlifting","1","0","1","0","1","1.00"
"Kazakhstan",2000,"Cycling","1","0","1","0","1","1.00"
"Kazakhstan",2000,"Wrestling","1","0","1","0","1","1.00"
"Kazakhstan",2004,"Athletics","1","0","0","1","1","1.00"
"Kazakhstan",2004,"Weightlifting","1","0","1","0","1","1.00"
"Kazakhstan",2004,"Wrestling","3","0","2","1","3","1.00"
"Kazakhstan",2008,"Judo","1","0","1","0","1","1.00"
"Kazakhstan",2008,"Taekwondo","1","0","0","1","1","1.00"
"Kazakhstan",2008,"Wrestling","5","0","1","4","5","1.00"
"Kazakhstan",2012,"Wrestling","3","0","0","3","3","1.00"
"Kazakhstan",2016,"Athletics","1","0","0","1","1","1.00"
"Kazakhstan",2016,"Judo","2","0","1","1","2","1.00"
"Kazakhstan",2016,"Wrestling","3","0","1","2","3","1.00"
"Kenya",1964,"Athletics","1","0","0","1","1","1.00"
"Kenya",1968,"Boxing","1","0","0","1","1","1.00"
"Kenya",1972,"Boxing","3","0","1","2","3","1.00"
"Kenya",1984,"Boxing","1","0","0","1","1","1.00"
"Kuwait",2000,"Shooting","1","0","0","1","1","1.00"
"Kuwait",2012,"Shooting","1","0","0","1","1","1.00"
"Kyrgyzstan",2000,"Judo","1","0","0","1","1","1.00"
"Kyrgyzstan",2008,"Wrestling","2","0","1","1","2","1.00"
"Latvia",1932,"Athletics","1","0","1","0","1","1.00"
"Latvia",1936,"Athletics","1","0","0","1","1","1.00"
"Latvia",1936,"Wrestling","1","0","1","0","1","1.00"
"Latvia",1992,"Canoeing","1","0","1","0","1","1.00"
"Latvia",1992,"Cycling","1","0","0","1","1","1.00"
"Latvia",1992,"Shooting","1","0","1","0","1","1.00"
"Latvia",1996,"Canoeing","1","0","1","0","1","1.00"
"Latvia",2000,"Athletics","1","0","1","0","1","1.00"
"Latvia",2000,"Judo","1","0","0","1","1","1.00"
"Latvia",2004,"Athletics","1","0","1","0","1","1.00"
"Latvia",2004,"Gymnastics","1","0","1","0","1","1.00"
"Latvia",2004,"Modern Pentathlon","1","0","1","0","1","1.00"
"Latvia",2004,"Weightlifting","1","0","1","0","1","1.00"
"Latvia",2008,"Athletics","1","0","1","0","1","1.00"
"Latvia",2008,"Weightlifting","1","0","0","1","1","1.00"
"Latvia",2012,"Beach Volleyball","1","0","0","1","1","1.00"
"Lebanon",1952,"Wrestling","2","0","1","1","2","1.00"
"Lebanon",1972,"Weightlifting","1","0","1","0","1","1.00"
"Lebanon",1980,"Wrestling","1","0","0","1","1","1.00"
"Lithuania",1992,"Basketball","1","0","0","1","1","1.00"
"Lithuania",1996,"Basketball","1","0","0","1","1","1.00"
"Lithuania",2000,"Basketball","1","0","0","1","1","1.00"
"Lithuania",2000,"Cycling","1","0","0","1","1","1.00"
"Lithuania",2000,"Rowing","1","0","0","1","1","1.00"
"Lithuania",2004,"Modern Pentathlon","1","0","1","0","1","1.00"
"Lithuania",2008,"Athletics","1","0","0","1","1","1.00"
"Lithuania",2008,"Modern Pentathlon","1","0","1","1","2","2.00"
"Lithuania",2008,"Sailing","1","0","1","0","1","1.00"
"Lithuania",2008,"Wrestling","1","0","0","1","1","1.00"
"Lithuania",2012,"Boxing","1","0","0","1","1","1.00"
"Lithuania",2012,"Canoeing","1","0","1","0","1","1.00"
"Lithuania",2012,"Wrestling","1","0","0","1","1","1.00"
"Lithuania",2016,"Canoeing","1","0","0","1","1","1.00"
"Lithuania",2016,"Rowing","2","0","1","1","2","1.00"
"Lithuania",2016,"Weightlifting","1","0","0","1","1","1.00"
"Luxembourg",1920,"Weightlifting","1","0","1","0","1","1.00"
"Macedonia",2000,"Wrestling","1","0","0","1","1","1.00"
"Malaysia",1992,"Badminton","1","0","0","1","1","1.00"
"Malaysia",1996,"Badminton","2","0","1","1","2","1.00"
"Malaysia",2008,"Badminton","1","0","1","0","1","1.00"
"Malaysia",2012,"Badminton","1","0","1","0","1","1.00"
"Malaysia",2012,"Diving","1","0","0","1","1","1.00"
"Malaysia",2016,"Badminton","3","0","3","0","3","1.00"
"Malaysia",2016,"Cycling","1","0","0","1","1","1.00"
"Malaysia",2016,"Diving","1","0","1","0","1","1.00"
"Mauritius",2008,"Boxing","1","0","0","1","1","1.00"
"Mexico",1932,"Boxing","1","0","1","0","1","1.00"
"Mexico",1932,"Shooting","1","0","1","0","1","1.00"
"Mexico",1936,"Basketball","1","0","0","1","1","1.00"
"Mexico",1936,"Boxing","1","0","0","1","1","1.00"
"Mexico",1936,"Polo","1","0","0","1","1","1.00"
"Mexico",1948,"Diving","1","0","0","1","1","1.00"
"Mexico",1952,"Diving","1","0","1","0","1","1.00"
"Mexico",1960,"Diving","1","0","0","1","1","1.00"
"Mexico",1964,"Boxing","1","0","0","1","1","1.00"
"Mexico",1968,"Athletics","1","0","1","0","1","1.00"
"Mexico",1968,"Diving","1","0","1","0","1","1.00"
"Mexico",1968,"Fencing","1","0","1","0","1","1.00"
"Mexico",1972,"Boxing","1","0","1","0","1","1.00"
"Mexico",1976,"Boxing","1","0","0","1","1","1.00"
"Mexico",1980,"Diving","1","0","1","0","1","1.00"
"Mexico",1980,"Equestrianism","3","0","0","3","3","1.00"
"Mexico",1984,"Boxing","1","0","1","0","1","1.00"
"Mexico",1984,"Cycling","1","0","0","1","1","1.00"
"Mexico",1984,"Wrestling","1","0","1","0","1","1.00"
"Mexico",1988,"Boxing","1","0","0","1","1","1.00"
"Mexico",1988,"Diving","1","0","0","1","1","1.00"
"Mexico",1992,"Athletics","1","0","1","0","1","1.00"
"Mexico",1996,"Athletics","1","0","0","1","1","1.00"
"Mexico",2000,"Athletics","2","0","1","1","2","1.00"
"Mexico",2000,"Boxing","1","0","0","1","1","1.00"
"Mexico",2000,"Diving","1","0","1","0","1","1.00"
"Mexico",2000,"Taekwondo","1","0","0","1","1","1.00"
"Mexico",2004,"Athletics","1","0","1","0","1","1.00"
"Mexico",2004,"Cycling","1","0","1","0","1","1.00"
"Mexico",2004,"Taekwondo","2","0","1","1","2","1.00"
"Mexico",2008,"Diving","1","0","0","1","1","1.00"
"Mexico",2012,"Archery","1","0","1","1","2","2.00"
"Mexico",2012,"Diving","3","0","2","1","3","1.00"
"Mexico",2012,"Taekwondo","1","0","0","1","1","1.00"
"Mexico",2016,"Athletics","1","0","1","0","1","1.00"
"Mexico",2016,"Boxing","1","0","0","1","1","1.00"
"Mexico",2016,"Diving","1","0","1","0","1","1.00"
"Mexico",2016,"Modern Pentathlon","1","0","0","1","1","1.00"
"Mexico",2016,"Taekwondo","1","0","1","0","1","1.00"
"Moldova",1996,"Canoeing","1","0","1","0","1","1.00"
"Moldova",1996,"Wrestling","1","0","0","1","1","1.00"
"Moldova",2000,"Boxing","1","0","0","1","1","1.00"
"Moldova",2000,"Shooting","1","0","1","0","1","1.00"
"Moldova",2008,"Boxing","1","0","0","1","1","1.00"
"Moldova",2012,"Weightlifting","2","0","0","2","2","1.00"
"Monaco",1924,"Art Competitions","1","0","0","1","1","1.00"
"Mongolia",1968,"Wrestling","4","0","1","3","4","1.00"
"Mongolia",1972,"Wrestling","1","0","1","0","1","1.00"
"Mongolia",1976,"Wrestling","1","0","1","0","1","1.00"
"Mongolia",1980,"Judo","2","0","1","1","2","1.00"
"Mongolia",1980,"Wrestling","2","0","1","1","2","1.00"
"Mongolia",1988,"Boxing","1","0","0","1","1","1.00"
"Mongolia",1992,"Boxing","1","0","0","1","1","1.00"
"Mongolia",1992,"Shooting","1","0","0","1","1","1.00"
"Mongolia",1996,"Judo","1","0","0","1","1","1.00"
"Mongolia",2004,"Judo","1","0","0","1","1","1.00"
"Mongolia",2008,"Shooting","1","0","1","0","1","1.00"
"Mongolia",2012,"Boxing","2","0","1","1","2","1.00"
"Mongolia",2012,"Judo","2","0","1","1","2","1.00"
"Mongolia",2012,"Wrestling","1","0","0","1","1","1.00"
"Mongolia",2016,"Boxing","1","0","0","1","1","1.00"
"Mongolia",2016,"Judo","1","0","1","0","1","1.00"
"Montenegro",2012,"Handball","1","0","1","0","1","1.00"
"Morocco",1960,"Athletics","1","0","1","0","1","1.00"
"Morocco",1988,"Boxing","1","0","0","1","1","1.00"
"Morocco",1992,"Boxing","1","0","0","1","1","1.00"
"Morocco",1996,"Athletics","2","0","0","2","2","1.00"
"Morocco",2000,"Athletics","4","0","1","3","4","1.00"
"Morocco",2000,"Boxing","1","0","0","1","1","1.00"
"Morocco",2008,"Athletics","2","0","1","1","2","1.00"
"Morocco",2012,"Athletics","1","0","0","1","1","1.00"
"Morocco",2016,"Boxing","1","0","0","1","1","1.00"
"Mozambique",1996,"Athletics","1","0","0","1","1","1.00"
"Namibia",1992,"Athletics","2","0","2","0","2","1.00"
"Namibia",1996,"Athletics","2","0","2","0","2","1.00"
"Netherlands",1908,"Football","1","0","0","1","1","1.00"
"Netherlands",1908,"Rowing","1","0","0","1","1","1.00"
"Netherlands",1912,"Fencing","2","0","0","2","2","1.00"
"Netherlands",1912,"Football","1","0","0","1","1","1.00"
"Netherlands",1920,"Fencing","2","0","0","2","2","1.00"
"Netherlands",1920,"Football","1","0","0","1","1","1.00"
"Netherlands",1920,"Tug-Of-War","1","0","1","0","1","1.00"
"Netherlands",1924,"Art Competitions","1","0","0","1","1","1.00"
"Netherlands",1924,"Athletics","1","0","0","1","1","1.00"
"Netherlands",1924,"Fencing","1","0","0","1","1","1.00"
"Netherlands",1924,"Sailing","1","0","0","1","1","1.00"
"Netherlands",1924,"Tennis","1","0","0","1","1","1.00"
"Netherlands",1928,"Athletics","1","0","1","0","1","1.00"
"Netherlands",1928,"Hockey","1","0","1","0","1","1.00"
"Netherlands",1928,"Sailing","1","0","1","0","1","1.00"
"Netherlands",1928,"Weightlifting","2","0","0","2","2","1.00"
"Netherlands",1932,"Art Competitions","1","0","0","1","1","1.00"
"Netherlands",1932,"Sailing","1","0","1","0","1","1.00"
"Netherlands",1932,"Swimming","2","0","2","0","2","1.00"
"Netherlands",1936,"Athletics","2","0","0","2","2","1.00"
"Netherlands",1936,"Canoeing","3","0","0","3","3","1.00"
"Netherlands",1936,"Equestrianism","1","0","1","0","1","1.00"
"Netherlands",1936,"Hockey","1","0","0","1","1","1.00"
"Netherlands",1948,"Canoeing","1","0","1","0","1","1.00"
"Netherlands",1948,"Cycling","1","0","1","0","1","1.00"
"Netherlands",1948,"Hockey","1","0","0","1","1","1.00"
"Netherlands",1948,"Sailing","2","0","0","2","2","1.00"
"Netherlands",1948,"Water Polo","1","0","0","1","1","1.00"
"Netherlands",1948,"Weightlifting","1","0","0","1","1","1.00"
"Netherlands",1952,"Athletics","1","0","1","0","1","1.00"
"Netherlands",1952,"Hockey","1","0","1","0","1","1.00"
"Netherlands",1952,"Swimming","3","0","3","0","3","1.00"
"Netherlands",1960,"Swimming","3","0","1","2","3","1.00"
"Netherlands",1964,"Canoeing","1","0","1","0","1","1.00"
"Netherlands",1964,"Rowing","3","0","1","2","3","1.00"
"Netherlands",1964,"Swimming","3","0","2","1","3","1.00"
"Netherlands",1968,"Athletics","1","0","0","1","1","1.00"
"Netherlands",1972,"Canoeing","1","0","1","0","1","1.00"
"Netherlands",1972,"Rowing","1","0","0","1","1","1.00"
"Netherlands",1976,"Cycling","1","0","1","0","1","1.00"
"Netherlands",1976,"Shooting","1","0","1","0","1","1.00"
"Netherlands",1976,"Swimming","2","0","0","2","2","1.00"
"Netherlands",1976,"Water Polo","1","0","0","1","1","1.00"
"Netherlands",1980,"Athletics","1","0","1","0","1","1.00"
"Netherlands",1980,"Judo","1","0","0","1","1","1.00"
"Netherlands",1980,"Swimming","1","0","0","1","1","1.00"
"Netherlands",1984,"Boxing","1","0","0","1","1","1.00"
"Netherlands",1984,"Canoeing","1","0","0","1","1","1.00"
"Netherlands",1984,"Rowing","2","0","1","1","2","1.00"
"Netherlands",1988,"Boxing","1","0","0","1","1","1.00"
"Netherlands",1988,"Canoeing","1","0","0","1","1","1.00"
"Netherlands",1988,"Hockey","2","0","0","2","2","1.00"
"Netherlands",1988,"Judo","1","0","0","1","1","1.00"
"Netherlands",1988,"Swimming","1","0","1","0","1","1.00"
"Netherlands",1992,"Boxing","2","0","1","1","2","1.00"
"Netherlands",1992,"Cycling","4","0","2","2","4","1.00"
"Netherlands",1992,"Judo","2","0","0","2","2","1.00"
"Netherlands",1992,"Rowing","1","0","0","1","1","1.00"
"Netherlands",1992,"Sailing","1","0","0","1","1","1.00"
"Netherlands",1992,"Volleyball","1","0","1","0","1","1.00"
"Netherlands",1996,"Equestrianism","2","0","2","1","3","1.50"
"Netherlands",1996,"Judo","3","0","0","3","3","1.00"
"Netherlands",1996,"Sailing","2","0","1","1","2","1.00"
"Netherlands",1996,"Swimming","2","0","0","2","2","1.00"
"Netherlands",2000,"Archery","1","0","0","1","1","1.00"
"Netherlands",2000,"Rowing","3","0","3","0","3","1.00"
"Netherlands",2000,"Sailing","1","0","1","0","1","1.00"
"Netherlands",2000,"Tennis","1","0","1","0","1","1.00"
"Netherlands",2004,"Badminton","1","0","1","0","1","1.00"
"Netherlands",2004,"Hockey","2","0","2","0","2","1.00"
"Netherlands",2004,"Judo","4","0","1","3","4","1.00"
"Netherlands",2004,"Rowing","3","0","1","2","3","1.00"
"Netherlands",2008,"Judo","5","0","1","4","5","1.00"
"Netherlands",2008,"Sailing","2","0","2","0","2","1.00"
"Netherlands",2012,"Equestrianism","4","0","3","1","4","1.00"
"Netherlands",2012,"Judo","2","0","0","2","2","1.00"
"Netherlands",2012,"Rowing","1","0","0","1","1","1.00"
"Netherlands",2016,"Athletics","1","0","1","0","1","1.00"
"Netherlands",2016,"Beach Volleyball","1","0","0","1","1","1.00"
"Netherlands",2016,"Boxing","1","0","1","0","1","1.00"
"Netherlands",2016,"Hockey","1","0","1","0","1","1.00"
"Netherlands",2016,"Judo","1","0","0","1","1","1.00"
"New Zealand",1920,"Rowing","1","0","0","1","1","1.00"
"New Zealand",1924,"Athletics","1","0","0","1","1","1.00"
"New Zealand",1932,"Rowing","1","0","1","0","1","1.00"
"New Zealand",1952,"Swimming","1","0","0","1","1","1.00"
"New Zealand",1968,"Athletics","1","0","0","1","1","1.00"
"New Zealand",1968,"Shooting","1","0","0","1","1","1.00"
"New Zealand",1972,"Athletics","1","0","0","1","1","1.00"
"New Zealand",1976,"Rowing","1","0","0","1","1","1.00"
"New Zealand",1984,"Boxing","1","0","1","0","1","1.00"
"New Zealand",1988,"Rowing","3","0","0","3","3","1.00"
"New Zealand",1988,"Swimming","2","0","0","2","2","1.00"
"New Zealand",1992,"Athletics","1","0","0","1","1","1.00"
"New Zealand",1992,"Boxing","1","0","0","1","1","1.00"
"New Zealand",1992,"Cycling","1","0","0","1","1","1.00"
"New Zealand",1992,"Equestrianism","2","0","1","1","2","1.00"
"New Zealand",1992,"Swimming","1","0","1","0","1","1.00"
"New Zealand",1996,"Sailing","1","0","1","0","1","1.00"
"New Zealand",2000,"Equestrianism","1","0","0","1","1","1.00"
"New Zealand",2000,"Sailing","2","0","0","2","2","1.00"
"New Zealand",2004,"Canoeing","1","0","1","0","1","1.00"
"New Zealand",2008,"Cycling","2","0","1","1","2","1.00"
"New Zealand",2008,"Triathlon","1","0","0","1","1","1.00"
"New Zealand",2012,"Cycling","3","0","1","2","3","1.00"
"New Zealand",2012,"Equestrianism","1","0","0","1","1","1.00"
"New Zealand",2016,"Athletics","4","0","1","3","4","1.00"
"New Zealand",2016,"Cycling","1","0","1","0","1","1.00"
"New Zealand",2016,"Golf","1","0","1","0","1","1.00"
"New Zealand",2016,"Rugby Sevens","1","0","1","0","1","1.00"
"New Zealand",2016,"Shooting","1","0","1","0","1","1.00"
"Niger",1972,"Boxing","1","0","0","1","1","1.00"
"Niger",2016,"Taekwondo","1","0","1","0","1","1.00"
"Nigeria",1964,"Boxing","1","0","0","1","1","1.00"
"Nigeria",1972,"Boxing","1","0","0","1","1","1.00"
"Nigeria",1984,"Athletics","1","0","0","1","1","1.00"
"Nigeria",1984,"Boxing","1","0","1","0","1","1.00"
"Nigeria",1992,"Athletics","2","0","1","1","2","1.00"
"Nigeria",1992,"Boxing","2","0","2","0","2","1.00"
"Nigeria",1996,"Boxing","1","0","0","1","1","1.00"
"Nigeria",2000,"Weightlifting","1","0","1","0","1","1.00"
"Nigeria",2004,"Athletics","2","0","0","2","2","1.00"
"Nigeria",2008,"Athletics","2","0","0","2","2","1.00"
"Nigeria",2008,"Football","1","0","1","0","1","1.00"
"Nigeria",2008,"Taekwondo","1","0","0","1","1","1.00"
"Nigeria",2016,"Football","1","0","0","1","1","1.00"
"North Korea",1972,"Boxing","1","0","1","0","1","1.00"
"North Korea",1972,"Judo","1","0","0","1","1","1.00"
"North Korea",1972,"Volleyball","1","0","0","1","1","1.00"
"North Korea",1972,"Wrestling","1","0","0","1","1","1.00"
"North Korea",1980,"Boxing","1","0","0","1","1","1.00"
"North Korea",1980,"Weightlifting","1","0","1","1","2","2.00"
"North Korea",1980,"Wrestling","2","0","2","0","2","1.00"
"North Korea",1992,"Table Tennis","2","0","0","2","2","1.00"
"North Korea",1992,"Weightlifting","1","0","0","1","1","1.00"
"North Korea",1996,"Weightlifting","2","0","1","1","2","1.00"
"North Korea",2000,"Boxing","1","0","0","1","1","1.00"
"North Korea",2000,"Judo","1","0","0","1","1","1.00"
"North Korea",2000,"Weightlifting","1","0","1","0","1","1.00"
"North Korea",2000,"Wrestling","1","0","0","1","1","1.00"
"North Korea",2004,"Boxing","1","0","1","0","1","1.00"
"North Korea",2004,"Judo","1","0","1","0","1","1.00"
"North Korea",2004,"Shooting","1","0","0","1","1","1.00"
"North Korea",2004,"Table Tennis","1","0","1","0","1","1.00"
"North Korea",2004,"Weightlifting","1","0","1","0","1","1.00"
"North Korea",2008,"Judo","3","0","1","2","3","1.00"
"North Korea",2012,"Wrestling","1","0","0","1","1","1.00"
"North Korea",2016,"Shooting","1","0","0","1","1","1.00"
"North Korea",2016,"Table Tennis","1","0","0","1","1","1.00"
"Norway",1908,"Athletics","3","0","1","2","3","1.00"
"Norway",1908,"Gymnastics","1","0","1","0","1","1.00"
"Norway",1908,"Wrestling","1","0","1","0","1","1.00"
"Norway",1912,"Rowing","2","0","0","2","2","1.00"
"Norway",1912,"Shooting","2","0","1","1","2","1.00"
"Norway",1912,"Tennis","1","0","0","1","1","1.00"
"Norway",1920,"Art Competitions","1","0","1","0","1","1.00"
"Norway",1920,"Boxing","1","0","1","0","1","1.00"
"Norway",1920,"Figure Skating","2","0","2","1","3","1.50"
"Norway",1920,"Gymnastics","1","0","1","0","1","1.00"
"Norway",1920,"Rowing","2","0","0","2","2","1.00"
"Norway",1920,"Wrestling","1","0","0","1","1","1.00"
"Norway",1924,"Athletics","1","0","0","1","1","1.00"
"Norway",1928,"Athletics","1","0","0","1","1","1.00"
"Norway",1928,"Equestrianism","1","0","1","0","1","1.00"
"Norway",1936,"Boxing","2","0","1","1","2","1.00"
"Norway",1936,"Football","1","0","0","1","1","1.00"
"Norway",1936,"Sailing","2","0","2","0","2","1.00"
"Norway",1948,"Athletics","1","0","1","0","1","1.00"
"Norway",1948,"Canoeing","2","0","1","1","2","1.00"
"Norway",1948,"Rowing","1","0","0","1","1","1.00"
"Norway",1948,"Shooting","1","0","0","1","1","1.00"
"Norway",1948,"Wrestling","1","0","1","0","1","1.00"
"Norway",1968,"Sailing","1","0","1","0","1","1.00"
"Norway",1972,"Canoeing","1","0","0","1","1","1.00"
"Norway",1972,"Rowing","1","0","1","0","1","1.00"
"Norway",1984,"Athletics","1","0","1","0","1","1.00"
"Norway",1984,"Cycling","1","0","0","1","1","1.00"
"Norway",1984,"Rowing","1","0","0","1","1","1.00"
"Norway",1988,"Handball","1","0","1","0","1","1.00"
"Norway",1988,"Rowing","1","0","1","0","1","1.00"
"Norway",1988,"Sailing","1","0","1","0","1","1.00"
"Norway",1992,"Canoeing","2","0","1","1","2","1.00"
"Norway",1992,"Handball","1","0","1","0","1","1.00"
"Norway",1992,"Rowing","1","0","1","0","1","1.00"
"Norway",1992,"Shooting","1","0","1","0","1","1.00"
"Norway",1996,"Football","1","0","0","1","1","1.00"
"Norway",1996,"Rowing","1","0","1","0","1","1.00"
"Norway",1996,"Sailing","1","0","0","1","1","1.00"
"Norway",2000,"Handball","1","0","0","1","1","1.00"
"Norway",2000,"Rowing","1","0","1","0","1","1.00"
"Norway",2000,"Sailing","1","0","0","1","1","1.00"
"Norway",2000,"Shooting","1","0","0","1","1","1.00"
"Norway",2000,"Taekwondo","1","0","1","0","1","1.00"
"Norway",2008,"Canoeing","1","0","1","0","1","1.00"
"Norway",2008,"Shooting","1","0","1","0","1","1.00"
"Norway",2008,"Swimming","2","0","1","1","2","1.00"
"Norway",2008,"Taekwondo","1","0","1","0","1","1.00"
"Norway",2012,"Cycling","1","0","0","1","1","1.00"
"Norway",2012,"Fencing","1","0","1","0","1","1.00"
"Norway",2016,"Handball","1","0","0","1","1","1.00"
"Norway",2016,"Rowing","2","0","0","2","2","1.00"
"Norway",2016,"Wrestling","1","0","0","1","1","1.00"
"Pakistan",1956,"Hockey","1","0","1","0","1","1.00"
"Pakistan",1960,"Wrestling","1","0","0","1","1","1.00"
"Pakistan",1964,"Hockey","1","0","1","0","1","1.00"
"Pakistan",1972,"Hockey","1","0","1","0","1","1.00"
"Pakistan",1976,"Hockey","1","0","0","1","1","1.00"
"Pakistan",1988,"Boxing","1","0","0","1","1","1.00"
"Pakistan",1992,"Hockey","1","0","0","1","1","1.00"
"Panama",1948,"Athletics","2","0","0","2","2","1.00"
"Paraguay",2004,"Football","1","0","1","0","1","1.00"
"Peru",1984,"Shooting","1","0","1","0","1","1.00"
"Peru",1988,"Volleyball","1","0","1","0","1","1.00"
"Peru",1992,"Shooting","1","0","1","0","1","1.00"
"Philippines",1928,"Swimming","1","0","0","1","1","1.00"
"Philippines",1932,"Athletics","1","0","0","1","1","1.00"
"Philippines",1932,"Boxing","1","0","0","1","1","1.00"
"Philippines",1932,"Swimming","1","0","0","1","1","1.00"
"Philippines",1936,"Athletics","1","0","0","1","1","1.00"
"Philippines",1964,"Boxing","1","0","1","0","1","1.00"
"Philippines",1988,"Boxing","1","0","0","1","1","1.00"
"Philippines",1992,"Boxing","1","0","0","1","1","1.00"
"Philippines",1996,"Boxing","1","0","1","0","1","1.00"
"Philippines",2016,"Weightlifting","1","0","1","0","1","1.00"
"Poland",1924,"Cycling","1","0","1","0","1","1.00"
"Poland",1924,"Equestrianism","1","0","0","1","1","1.00"
"Poland",1928,"Equestrianism","2","0","1","1","2","1.00"
"Poland",1928,"Fencing","1","0","0","1","1","1.00"
"Poland",1928,"Rowing","1","0","0","1","1","1.00"
"Poland",1932,"Fencing","1","0","0","1","1","1.00"
"Poland",1932,"Rowing","3","0","1","2","3","1.00"
"Poland",1936,"Art Competitions","3","0","1","2","3","1.00"
"Poland",1936,"Athletics","3","0","2","1","3","1.00"
"Poland",1936,"Equestrianism","1","0","1","0","1","1.00"
"Poland",1936,"Rowing","1","0","0","1","1","1.00"
"Poland",1936,"Shooting","1","0","0","1","1","1.00"
"Poland",1948,"Boxing","1","0","0","1","1","1.00"
"Poland",1952,"Gymnastics","1","0","1","0","1","1.00"
"Poland",1952,"Rowing","1","0","0","1","1","1.00"
"Poland",1956,"Boxing","2","0","0","2","2","1.00"
"Poland",1956,"Fencing","2","0","2","0","2","1.00"
"Poland",1956,"Gymnastics","1","0","0","1","1","1.00"
"Poland",1956,"Shooting","1","0","1","0","1","1.00"
"Poland",1956,"Weightlifting","1","0","0","1","1","1.00"
"Poland",1960,"Canoeing","2","0","0","2","2","1.00"
"Poland",1960,"Fencing","1","0","1","0","1","1.00"
"Poland",1960,"Rowing","1","0","0","1","1","1.00"
"Poland",1960,"Wrestling","1","0","0","1","1","1.00"
"Poland",1964,"Volleyball","1","0","0","1","1","1.00"
"Poland",1968,"Cycling","1","0","0","1","1","1.00"
"Poland",1968,"Volleyball","1","0","0","1","1","1.00"
"Poland",1972,"Archery","1","0","1","0","1","1.00"
"Poland",1972,"Canoeing","1","0","0","1","1","1.00"
"Poland",1972,"Cycling","2","0","1","1","2","1.00"
"Poland",1972,"Judo","1","0","1","0","1","1.00"
"Poland",1972,"Wrestling","2","0","0","2","2","1.00"
"Poland",1976,"Canoeing","1","0","1","0","1","1.00"
"Poland",1976,"Cycling","2","0","1","1","2","1.00"
"Afghanistan",2008,"Taekwondo","1","0","0","1","1","1.00"
"Poland",1976,"Handball","1","0","0","1","1","1.00"
"Poland",1976,"Judo","1","0","0","1","1","1.00"
"Poland",1976,"Shooting","2","0","0","2","2","1.00"
"Poland",1976,"Weightlifting","3","0","1","2","3","1.00"
"Poland",1980,"Boxing","5","0","1","4","5","1.00"
"Poland",1980,"Cycling","1","0","1","0","1","1.00"
"Poland",1980,"Fencing","3","0","1","2","3","1.00"
"Poland",1980,"Judo","1","0","0","1","1","1.00"
"Poland",1980,"Rowing","2","0","1","1","2","1.00"
"Poland",1980,"Swimming","1","0","0","1","1","1.00"
"Poland",1980,"Weightlifting","3","0","0","3","3","1.00"
"Poland",1980,"Wrestling","7","0","5","2","7","1.00"
"Poland",1988,"Boxing","4","0","0","4","4","1.00"
"Poland",1988,"Canoeing","3","0","1","2","3","1.00"
"Poland",1988,"Cycling","1","0","1","0","1","1.00"
"Poland",1988,"Fencing","1","0","1","0","1","1.00"
"Poland",1988,"Swimming","1","0","0","1","1","1.00"
"Poland",1988,"Weightlifting","1","0","0","1","1","1.00"
"Poland",1992,"Athletics","1","0","0","1","1","1.00"
"Poland",1992,"Boxing","1","0","0","1","1","1.00"
"Poland",1992,"Canoeing","3","0","1","2","3","1.00"
"Poland",1992,"Fencing","1","0","0","1","1","1.00"
"Poland",1992,"Football","1","0","1","0","1","1.00"
"Poland",1992,"Rowing","2","0","0","2","2","1.00"
"Poland",1992,"Shooting","1","0","0","1","1","1.00"
"Poland",1992,"Swimming","1","0","1","0","1","1.00"
"Poland",1992,"Weightlifting","3","0","1","2","3","1.00"
"Poland",1992,"Wrestling","2","0","2","0","2","1.00"
"Poland",1996,"Archery","1","0","0","1","1","1.00"
"Poland",1996,"Canoeing","1","0","0","1","1","1.00"
"Poland",1996,"Fencing","1","0","1","0","1","1.00"
"Poland",1996,"Weightlifting","1","0","0","1","1","1.00"
"Poland",2000,"Canoeing","4","0","2","2","4","1.00"
"Poland",2000,"Fencing","1","0","1","0","1","1.00"
"Poland",2000,"Gymnastics","1","0","0","1","1","1.00"
"Poland",2000,"Weightlifting","2","0","2","0","2","1.00"
"Poland",2004,"Canoeing","1","0","0","1","1","1.00"
"Poland",2004,"Fencing","1","0","0","1","1","1.00"
"Poland",2004,"Sailing","1","0","0","1","1","1.00"
"Poland",2004,"Weightlifting","1","0","0","1","1","1.00"
"Poland",2008,"Canoeing","1","0","1","0","1","1.00"
"Poland",2008,"Cycling","1","0","1","0","1","1.00"
"Poland",2008,"Fencing","1","0","1","0","1","1.00"
"Poland",2008,"Weightlifting","1","0","1","0","1","1.00"
"Poland",2008,"Wrestling","1","0","0","1","1","1.00"
"Poland",2012,"Canoeing","1","0","0","1","1","1.00"
"Poland",2012,"Rowing","1","0","0","1","1","1.00"
"Poland",2012,"Sailing","2","0","0","2","2","1.00"
"Poland",2012,"Shooting","1","0","1","0","1","1.00"
"Poland",2012,"Wrestling","1","0","0","1","1","1.00"
"Poland",2016,"Canoeing","2","0","1","1","2","1.00"
"Poland",2016,"Cycling","2","0","1","1","2","1.00"
"Poland",2016,"Modern Pentathlon","1","0","0","1","1","1.00"
"Poland",2016,"Wrestling","1","0","0","1","1","1.00"
"Portugal",1924,"Equestrianism","1","0","0","1","1","1.00"
"Portugal",1928,"Fencing","1","0","0","1","1","1.00"
"Portugal",1936,"Equestrianism","1","0","0","1","1","1.00"
"Portugal",1948,"Equestrianism","1","0","0","1","1","1.00"
"Portugal",1948,"Sailing","1","0","1","0","1","1.00"
"Portugal",1952,"Sailing","1","0","0","1","1","1.00"
"Portugal",1960,"Sailing","1","0","1","0","1","1.00"
"Portugal",1976,"Athletics","1","0","1","0","1","1.00"
"Portugal",1976,"Shooting","1","0","1","0","1","1.00"
"Portugal",1996,"Sailing","1","0","0","1","1","1.00"
"Portugal",2000,"Athletics","1","0","0","1","1","1.00"
"Portugal",2000,"Judo","1","0","0","1","1","1.00"
"Portugal",2004,"Athletics","2","0","1","1","2","1.00"
"Portugal",2004,"Cycling","1","0","1","0","1","1.00"
"Portugal",2008,"Triathlon","1","0","1","0","1","1.00"
"Portugal",2012,"Canoeing","1","0","1","0","1","1.00"
"Portugal",2016,"Judo","1","0","0","1","1","1.00"
"Puerto Rico",1948,"Boxing","1","0","0","1","1","1.00"
"Puerto Rico",1976,"Boxing","1","0","0","1","1","1.00"
"Puerto Rico",1984,"Boxing","2","0","1","1","2","1.00"
"Puerto Rico",1992,"Boxing","1","0","0","1","1","1.00"
"Puerto Rico",1996,"Boxing","1","0","0","1","1","1.00"
"Puerto Rico",2012,"Athletics","1","0","0","1","1","1.00"
"Puerto Rico",2012,"Wrestling","1","0","1","0","1","1.00"
"Qatar",1992,"Athletics","1","0","0","1","1","1.00"
"Qatar",2000,"Weightlifting","1","0","0","1","1","1.00"
"Qatar",2012,"Athletics","1","0","0","1","1","1.00"
"Qatar",2012,"Shooting","1","0","0","1","1","1.00"
"Qatar",2016,"Athletics","1","0","1","0","1","1.00"
"Romania",1924,"Rugby","1","0","0","1","1","1.00"
"Romania",1936,"Equestrianism","1","0","1","0","1","1.00"
"Romania",1952,"Boxing","2","0","1","1","2","1.00"
"Romania",1956,"Fencing","1","0","1","0","1","1.00"
"Romania",1956,"Gymnastics","2","0","0","2","2","1.00"
"Romania",1956,"Wrestling","1","0","0","1","1","1.00"
"Romania",1960,"Boxing","1","0","0","1","1","1.00"
"Romania",1960,"Canoeing","1","0","0","1","1","1.00"
"Romania",1960,"Fencing","1","0","0","1","1","1.00"
"Romania",1960,"Gymnastics","1","0","0","1","1","1.00"
"Romania",1964,"Canoeing","5","0","2","3","5","1.00"
"Romania",1964,"Shooting","1","0","1","0","1","1.00"
"Romania",1964,"Wrestling","3","0","1","2","3","1.00"
"Romania",1968,"Boxing","2","0","1","1","2","1.00"
"Romania",1968,"Shooting","1","0","1","0","1","1.00"
"Romania",1968,"Wrestling","3","0","1","2","3","1.00"
"Romania",1972,"Athletics","2","0","2","0","2","1.00"
"Romania",1972,"Boxing","1","0","1","0","1","1.00"
"Romania",1972,"Fencing","1","0","0","1","1","1.00"
"Romania",1972,"Handball","1","0","0","1","1","1.00"
"Romania",1972,"Rowing","1","0","0","1","1","1.00"
"Romania",1972,"Shooting","2","0","1","1","2","1.00"
"Romania",1976,"Athletics","1","0","0","1","1","1.00"
"Romania",1976,"Boxing","5","0","2","3","5","1.00"
"Romania",1976,"Fencing","1","0","0","1","1","1.00"
"Romania",1976,"Handball","1","0","1","0","1","1.00"
"Romania",1976,"Rowing","1","0","0","1","1","1.00"
"Romania",1976,"Wrestling","6","0","3","3","6","1.00"
"Romania",1980,"Boxing","2","0","0","2","2","1.00"
"Romania",1980,"Equestrianism","1","0","0","1","1","1.00"
"Romania",1980,"Handball","1","0","0","1","1","1.00"
"Romania",1980,"Volleyball","1","0","0","1","1","1.00"
"Romania",1984,"Boxing","1","0","0","1","1","1.00"
"Romania",1984,"Fencing","2","0","1","1","2","1.00"
"Romania",1984,"Handball","1","0","0","1","1","1.00"
"Romania",1984,"Judo","2","0","0","2","2","1.00"
"Romania",1984,"Rhythmic Gymnastics","1","0","1","0","1","1.00"
"Romania",1984,"Shooting","1","0","1","0","1","1.00"
"Romania",1984,"Swimming","1","0","0","1","1","1.00"
"Romania",1988,"Boxing","1","0","1","0","1","1.00"
"Romania",1988,"Swimming","2","0","1","1","2","1.00"
"Romania",1988,"Weightlifting","1","0","1","0","1","1.00"
"Romania",1992,"Athletics","1","0","1","0","1","1.00"
"Romania",1992,"Boxing","1","0","0","1","1","1.00"
"Romania",1992,"Fencing","1","0","0","1","1","1.00"
"Romania",1992,"Shooting","1","0","0","1","1","1.00"
"Romania",1992,"Weightlifting","1","0","0","1","1","1.00"
"Romania",1992,"Wrestling","1","0","0","1","1","1.00"
"Romania",1996,"Athletics","1","0","1","0","1","1.00"
"Romania",1996,"Boxing","2","0","0","2","2","1.00"
"Romania",1996,"Canoeing","2","0","1","1","2","1.00"
"Romania",1996,"Weightlifting","1","0","0","1","1","1.00"
"Romania",2000,"Boxing","2","0","1","1","2","1.00"
"Romania",2000,"Judo","1","0","0","1","1","1.00"
"Romania",2000,"Shooting","1","0","0","1","1","1.00"
"Romania",2004,"Athletics","3","0","2","1","3","1.00"
"Romania",2004,"Boxing","1","0","0","1","1","1.00"
"Romania",2008,"Fencing","2","0","1","1","2","1.00"
"Romania",2012,"Fencing","1","0","1","0","1","1.00"
"Romania",2012,"Judo","2","0","2","0","2","1.00"
"Romania",2012,"Weightlifting","2","0","1","1","2","1.00"
"Romania",2016,"Rowing","1","0","0","1","1","1.00"
"Romania",2016,"Tennis","1","0","1","0","1","1.00"
"Romania",2016,"Wrestling","1","0","0","1","1","1.00"
"Russia",1908,"Wrestling","2","0","2","0","2","1.00"
"Russia",1912,"Rowing","1","0","0","1","1","1.00"
"Russia",1912,"Sailing","1","0","0","1","1","1.00"
"Russia",1912,"Shooting","2","0","1","1","2","1.00"
"Russia",1912,"Wrestling","1","0","1","0","1","1.00"
"Russia",1952,"Basketball","1","0","1","0","1","1.00"
"Russia",1952,"Boxing","6","0","2","4","6","1.00"
"Russia",1952,"Canoeing","1","0","0","1","1","1.00"
"Russia",1956,"Basketball","1","0","1","0","1","1.00"
"Russia",1956,"Fencing","2","0","0","2","2","1.00"
"Russia",1956,"Swimming","2","0","0","2","2","1.00"
"Russia",1956,"Water Polo","1","0","0","1","1","1.00"
"Russia",1960,"Basketball","1","0","1","0","1","1.00"
"Russia",1960,"Diving","1","0","0","1","1","1.00"
"Russia",1960,"Modern Pentathlon","1","0","1","0","1","1.00"
"Russia",1960,"Water Polo","1","0","1","0","1","1.00"
"Russia",1964,"Basketball","1","0","1","0","1","1.00"
"Russia",1964,"Cycling","1","0","1","0","1","1.00"
"Russia",1964,"Diving","1","0","0","1","1","1.00"
"Russia",1964,"Equestrianism","2","0","0","2","2","1.00"
"Russia",1964,"Judo","2","0","0","2","2","1.00"
"Russia",1964,"Shooting","2","0","2","0","2","1.00"
"Russia",1964,"Water Polo","1","0","0","1","1","1.00"
"Russia",1968,"Basketball","1","0","0","1","1","1.00"
"Russia",1968,"Diving","2","0","2","0","2","1.00"
"Russia",1968,"Modern Pentathlon","2","0","1","1","2","1.00"
"Russia",1968,"Swimming","7","0","4","4","8","1.14"
"Russia",1968,"Water Polo","1","0","1","0","1","1.00"
"Russia",1972,"Archery","1","0","0","1","1","1.00"
"Russia",1972,"Football","1","0","0","1","1","1.00"
"Russia",1972,"Swimming","5","0","2","3","5","1.00"
"Russia",1976,"Archery","1","0","1","1","2","2.00"
"Russia",1976,"Boxing","5","0","1","4","5","1.00"
"Russia",1976,"Football","1","0","0","1","1","1.00"
"Russia",1976,"Modern Pentathlon","1","0","1","0","1","1.00"
"Russia",1976,"Sailing","2","0","2","0","2","1.00"
"Russia",1976,"Volleyball","2","0","2","0","2","1.00"
"Russia",1980,"Football","1","0","0","1","1","1.00"
"Russia",1980,"Hockey","2","0","0","2","2","1.00"
"Russia",1988,"Archery","1","0","0","1","1","1.00"
"Russia",1988,"Judo","5","0","1","4","5","1.00"
"Russia",1988,"Modern Pentathlon","1","0","0","1","1","1.00"
"Russia",1988,"Rowing","3","0","2","1","3","1.00"
"Russia",1988,"Sailing","2","0","1","1","2","1.00"
"Russia",1988,"Water Polo","1","0","0","1","1","1.00"
"Russia",1992,"Archery","2","0","0","2","2","1.00"
"Russia",1992,"Boxing","2","0","1","1","2","1.00"
"Russia",1992,"Diving","3","0","2","1","3","1.00"
"Russia",1992,"Modern Pentathlon","2","0","1","1","2","1.00"
"Russia",1992,"Rowing","1","0","0","1","1","1.00"
"Russia",1992,"Tennis","2","0","0","2","2","1.00"
"Russia",1992,"Volleyball","1","0","1","0","1","1.00"
"Russia",1992,"Water Polo","1","0","0","1","1","1.00"
"Russia",1996,"Canoeing","1","0","0","1","1","1.00"
"Russia",1996,"Modern Pentathlon","1","0","1","0","1","1.00"
"Russia",1996,"Rhythmic Gymnastics","2","0","1","1","2","1.00"
"Russia",1996,"Rowing","1","0","0","1","1","1.00"
"Russia",1996,"Sailing","1","0","1","0","1","1.00"
"Russia",2000,"Canoeing","1","0","1","0","1","1.00"
"Russia",2000,"Judo","3","0","1","2","3","1.00"
"Russia",2000,"Rowing","1","0","0","1","1","1.00"
"Russia",2000,"Swimming","2","0","1","1","2","1.00"
"Russia",2000,"Taekwondo","1","0","1","0","1","1.00"
"Russia",2000,"Volleyball","2","0","2","0","2","1.00"
"Russia",2000,"Water Polo","2","0","1","1","2","1.00"
"Russia",2000,"Weightlifting","3","0","1","2","3","1.00"
"Russia",2004,"Basketball","1","0","0","1","1","1.00"
"Russia",2004,"Canoeing","3","0","1","2","3","1.00"
"Russia",2004,"Diving","4","0","2","2","4","1.00"
"Russia",2004,"Gymnastics","3","0","1","2","3","1.00"
"Russia",2004,"Handball","1","0","0","1","1","1.00"
"Russia",2004,"Judo","5","0","2","3","5","1.00"
"Russia",2004,"Swimming","1","0","1","0","1","1.00"
"Russia",2004,"Trampolining","1","0","1","0","1","1.00"
"Russia",2004,"Volleyball","2","0","1","1","2","1.00"
"Russia",2004,"Water Polo","1","0","0","1","1","1.00"
"Russia",2008,"Archery","1","0","0","1","1","1.00"
"Russia",2008,"Basketball","1","0","0","1","1","1.00"
"Russia",2008,"Cycling","3","0","0","3","3","1.00"
"Russia",2008,"Diving","5","0","3","2","5","1.00"
"Russia",2008,"Gymnastics","2","0","0","2","2","1.00"
"Russia",2008,"Handball","1","0","1","0","1","1.00"
"Russia",2008,"Shooting","4","0","2","2","4","1.00"
"Russia",2008,"Volleyball","1","0","0","1","1","1.00"
"Russia",2008,"Weightlifting","6","0","4","3","7","1.17"
"Russia",2012,"Badminton","1","0","0","1","1","1.00"
"Russia",2012,"Basketball","1","0","0","1","1","1.00"
"Russia",2012,"Cycling","2","0","0","2","2","1.00"
"Russia",2012,"Fencing","3","0","2","1","3","1.00"
"Russia",2012,"Shooting","1","0","0","1","1","1.00"
"Russia",2012,"Swimming","4","0","2","2","4","1.00"
"Russia",2012,"Taekwondo","2","0","0","2","2","1.00"
"Russia",2012,"Tennis","2","0","1","1","2","1.00"
"Russia",2012,"Trampolining","1","0","1","0","1","1.00"
"Russia",2012,"Weightlifting","6","0","5","1","6","1.00"
"Russia",2016,"Archery","1","0","1","0","1","1.00"
"Russia",2016,"Canoeing","2","0","0","2","2","1.00"
"Russia",2016,"Cycling","3","0","2","1","3","1.00"
"Russia",2016,"Sailing","1","0","0","1","1","1.00"
"Russia",2016,"Shooting","4","0","2","2","4","1.00"
"Russia",2016,"Swimming","4","0","2","2","4","1.00"
"Russia",2016,"Taekwondo","1","0","1","0","1","1.00"
"Russia",2016,"Water Polo","1","0","0","1","1","1.00"
"Saudi Arabia",2000,"Athletics","1","0","1","0","1","1.00"
"Saudi Arabia",2000,"Equestrianism","1","0","0","1","1","1.00"
"Saudi Arabia",2012,"Equestrianism","1","0","0","1","1","1.00"
"Senegal",1988,"Athletics","1","0","1","0","1","1.00"
"Serbia",1936,"Gymnastics","1","0","1","0","1","1.00"
"Serbia",1948,"Athletics","1","0","1","0","1","1.00"
"Serbia",1948,"Football","1","0","1","0","1","1.00"
"Serbia",1952,"Football","1","0","1","0","1","1.00"
"Serbia",1952,"Water Polo","1","0","1","0","1","1.00"
"Serbia",1956,"Athletics","1","0","1","0","1","1.00"
"Serbia",1956,"Football","1","0","1","0","1","1.00"
"Serbia",1956,"Water Polo","1","0","1","0","1","1.00"
"Serbia",1960,"Wrestling","1","0","1","0","1","1.00"
"Serbia",1964,"Water Polo","1","0","1","0","1","1.00"
"Serbia",1968,"Basketball","1","0","1","0","1","1.00"
"Serbia",1968,"Boxing","1","0","0","1","1","1.00"
"Serbia",1968,"Wrestling","2","0","1","1","2","1.00"
"Serbia",1972,"Wrestling","2","0","1","1","2","1.00"
"Serbia",1976,"Basketball","1","0","1","0","1","1.00"
"Serbia",1976,"Boxing","2","0","1","1","2","1.00"
"Serbia",1976,"Judo","1","0","0","1","1","1.00"
"Serbia",1980,"Handball","1","0","1","0","1","1.00"
"Serbia",1980,"Judo","1","0","0","1","1","1.00"
"Serbia",1980,"Rowing","2","0","1","1","2","1.00"
"Serbia",1980,"Water Polo","1","0","1","0","1","1.00"
"Serbia",1980,"Wrestling","1","0","0","1","1","1.00"
"Serbia",1984,"Basketball","1","0","0","1","1","1.00"
"Serbia",1984,"Football","1","0","0","1","1","1.00"
"Serbia",1984,"Rowing","1","0","0","1","1","1.00"
"Serbia",1988,"Basketball","2","0","2","0","2","1.00"
"Serbia",1988,"Boxing","1","0","0","1","1","1.00"
"Serbia",1988,"Handball","1","0","0","1","1","1.00"
"Serbia",1988,"Rowing","1","0","0","1","1","1.00"
"Serbia",1988,"Table Tennis","2","0","1","1","2","1.00"
"Serbia",1988,"Wrestling","1","0","1","0","1","1.00"
"Serbia",1996,"Basketball","1","0","1","0","1","1.00"
"Serbia",1996,"Volleyball","1","0","0","1","1","1.00"
"Serbia",2000,"Shooting","1","0","1","0","1","1.00"
"Serbia",2000,"Water Polo","1","0","0","1","1","1.00"
"Serbia",2004,"Shooting","1","0","1","0","1","1.00"
"Serbia",2004,"Water Polo","1","0","1","0","1","1.00"
"Serbia",2008,"Swimming","1","0","1","0","1","1.00"
"Serbia",2008,"Tennis","1","0","0","1","1","1.00"
"Serbia",2008,"Water Polo","1","0","0","1","1","1.00"
"Serbia",2012,"Shooting","2","0","1","1","2","1.00"
"Serbia",2012,"Water Polo","1","0","0","1","1","1.00"
"Serbia",2016,"Athletics","1","0","0","1","1","1.00"
"Serbia",2016,"Basketball","2","0","1","1","2","1.00"
"Serbia",2016,"Canoeing","1","0","1","0","1","1.00"
"Serbia",2016,"Taekwondo","1","0","1","0","1","1.00"
"Serbia",2016,"Volleyball","1","0","1","0","1","1.00"
"Slovakia",1996,"Shooting","1","0","0","1","1","1.00"
"Slovakia",2000,"Swimming","2","0","2","0","2","1.00"
"Slovakia",2004,"Judo","1","0","1","0","1","1.00"
"Slovakia",2004,"Shooting","1","0","0","1","1","1.00"
"Slovakia",2008,"Shooting","1","0","1","0","1","1.00"
"Slovakia",2008,"Wrestling","1","0","0","1","1","1.00"
"Slovakia",2012,"Canoeing","2","0","0","2","2","1.00"
"Slovakia",2012,"Shooting","2","0","1","1","2","1.00"
"Slovenia",1992,"Rowing","2","0","0","2","2","1.00"
"Slovenia",1996,"Athletics","1","0","1","0","1","1.00"
"Slovenia",1996,"Canoeing","1","0","1","0","1","1.00"
"Slovenia",2004,"Athletics","1","0","0","1","1","1.00"
"Slovenia",2004,"Judo","1","0","0","1","1","1.00"
"Slovenia",2004,"Rowing","1","0","1","0","1","1.00"
"Slovenia",2004,"Sailing","1","0","0","1","1","1.00"
"Slovenia",2008,"Judo","1","0","0","1","1","1.00"
"Slovenia",2008,"Sailing","1","0","1","0","1","1.00"
"Slovenia",2008,"Shooting","1","0","0","1","1","1.00"
"Slovenia",2008,"Swimming","1","0","1","0","1","1.00"
"Slovenia",2012,"Athletics","1","0","1","0","1","1.00"
"Slovenia",2012,"Rowing","1","0","0","1","1","1.00"
"Slovenia",2012,"Shooting","1","0","0","1","1","1.00"
"Slovenia",2016,"Canoeing","1","0","1","0","1","1.00"
"Slovenia",2016,"Sailing","1","0","1","0","1","1.00"
"South Africa",1920,"Cycling","3","0","2","1","3","1.00"
"South Africa",1920,"Shooting","1","0","1","0","1","1.00"
"South Africa",1924,"Athletics","2","0","1","1","2","1.00"
"South Africa",1928,"Boxing","1","0","0","1","1","1.00"
"South Africa",1928,"Swimming","1","0","0","1","1","1.00"
"South Africa",1932,"Athletics","1","0","0","1","1","1.00"
"South Africa",1932,"Swimming","1","0","0","1","1","1.00"
"South Africa",1936,"Boxing","1","0","1","0","1","1.00"
"South Africa",1948,"Art Competitions","2","0","1","1","2","1.00"
"South Africa",1952,"Boxing","4","0","1","3","4","1.00"
"South Africa",1952,"Cycling","3","0","2","1","3","1.00"
"South Africa",1956,"Boxing","2","0","0","2","2","1.00"
"South Africa",1956,"Cycling","1","0","0","1","1","1.00"
"South Africa",1956,"Swimming","1","0","0","1","1","1.00"
"South Africa",1960,"Athletics","1","0","0","1","1","1.00"
"South Africa",1960,"Boxing","2","0","1","1","2","1.00"
"South Africa",1992,"Athletics","1","0","1","0","1","1.00"
"South Africa",1992,"Tennis","1","0","1","0","1","1.00"
"South Africa",2000,"Athletics","3","0","1","2","3","1.00"
"South Africa",2000,"Swimming","2","0","1","1","2","1.00"
"South Africa",2004,"Athletics","2","0","2","0","2","1.00"
"South Africa",2004,"Rowing","1","0","0","1","1","1.00"
"South Africa",2008,"Athletics","1","0","1","0","1","1.00"
"South Africa",2012,"Athletics","1","0","1","0","1","1.00"
"South Africa",2012,"Canoeing","1","0","0","1","1","1.00"
"South Africa",2016,"Rowing","1","0","1","0","1","1.00"
"South Africa",2016,"Rugby Sevens","1","0","0","1","1","1.00"
"South Africa",2016,"Swimming","3","0","3","0","3","1.00"
"South Africa",2016,"Triathlon","1","0","0","1","1","1.00"
"South Korea",1948,"Boxing","1","0","0","1","1","1.00"
"South Korea",1948,"Weightlifting","1","0","0","1","1","1.00"
"South Korea",1952,"Boxing","1","0","0","1","1","1.00"
"South Korea",1952,"Weightlifting","1","0","0","1","1","1.00"
"South Korea",1956,"Boxing","1","0","1","0","1","1.00"
"South Korea",1956,"Weightlifting","1","0","0","1","1","1.00"
"South Korea",1964,"Boxing","1","0","1","0","1","1.00"
"South Korea",1964,"Judo","1","0","0","1","1","1.00"
"South Korea",1964,"Wrestling","1","0","1","0","1","1.00"
"South Korea",1968,"Boxing","2","0","1","1","2","1.00"
"South Korea",1972,"Judo","1","0","1","0","1","1.00"
"South Korea",1976,"Judo","3","0","1","2","3","1.00"
"South Korea",1976,"Volleyball","1","0","0","1","1","1.00"
"South Korea",1984,"Basketball","1","0","1","0","1","1.00"
"South Korea",1984,"Handball","1","0","1","0","1","1.00"
"South Korea",1988,"Gymnastics","1","0","0","1","1","1.00"
"South Korea",1988,"Hockey","1","0","1","0","1","1.00"
"South Korea",1988,"Shooting","1","0","1","0","1","1.00"
"South Korea",1988,"Weightlifting","2","0","1","1","2","1.00"
"South Korea",1992,"Boxing","2","0","0","2","2","1.00"
"South Korea",1992,"Gymnastics","1","0","0","1","1","1.00"
"South Korea",1992,"Table Tennis","4","0","0","4","4","1.00"
"South Korea",1996,"Athletics","1","0","1","0","1","1.00"
"South Korea",1996,"Boxing","1","0","1","0","1","1.00"
"South Korea",1996,"Gymnastics","1","0","1","0","1","1.00"
"South Korea",1996,"Handball","1","0","1","0","1","1.00"
"South Korea",1996,"Hockey","1","0","1","0","1","1.00"
"South Korea",1996,"Table Tennis","2","0","0","2","2","1.00"
"South Korea",2000,"Badminton","1","0","1","1","2","2.00"
"South Korea",2000,"Baseball","1","0","0","1","1","1.00"
"South Korea",2000,"Gymnastics","2","0","1","1","2","1.00"
"South Korea",2000,"Hockey","1","0","1","0","1","1.00"
"South Korea",2000,"Judo","5","0","2","3","5","1.00"
"South Korea",2000,"Shooting","1","0","1","0","1","1.00"
"South Korea",2000,"Table Tennis","1","0","0","1","1","1.00"
"South Korea",2004,"Boxing","2","0","0","2","2","1.00"
"South Korea",2004,"Gymnastics","1","0","1","1","2","2.00"
"South Korea",2004,"Handball","1","0","1","0","1","1.00"
"South Korea",2004,"Shooting","3","0","2","1","3","1.00"
"South Korea",2004,"Weightlifting","2","0","2","0","2","1.00"
"South Korea",2008,"Boxing","1","0","0","1","1","1.00"
"South Korea",2008,"Fencing","1","0","1","0","1","1.00"
"South Korea",2008,"Gymnastics","1","0","1","0","1","1.00"
"South Korea",2008,"Handball","1","0","0","1","1","1.00"
"South Korea",2008,"Table Tennis","2","0","0","2","2","1.00"
"South Korea",2008,"Wrestling","1","0","0","1","1","1.00"
"South Korea",2012,"Badminton","1","0","0","1","1","1.00"
"South Korea",2012,"Boxing","1","0","1","0","1","1.00"
"South Korea",2012,"Football","1","0","0","1","1","1.00"
"South Korea",2012,"Swimming","2","0","2","0","2","1.00"
"South Korea",2012,"Table Tennis","1","0","1","0","1","1.00"
"South Korea",2016,"Badminton","1","0","0","1","1","1.00"
"South Korea",2016,"Judo","3","0","2","1","3","1.00"
"South Korea",2016,"Weightlifting","1","0","0","1","1","1.00"
"South Korea",2016,"Wrestling","1","0","0","1","1","1.00"
"Spain",1920,"Football","1","0","1","0","1","1.00"
"Spain",1920,"Polo","1","0","1","0","1","1.00"
"Spain",1932,"Sailing","1","0","0","1","1","1.00"
"Spain",1948,"Equestrianism","1","0","1","0","1","1.00"
"Spain",1952,"Shooting","1","0","1","0","1","1.00"
"Spain",1960,"Hockey","1","0","0","1","1","1.00"
"Spain",1972,"Boxing","1","0","0","1","1","1.00"
"Spain",1976,"Canoeing","1","0","1","0","1","1.00"
"Spain",1976,"Sailing","1","0","1","0","1","1.00"
"Spain",1980,"Athletics","1","0","1","0","1","1.00"
"Spain",1980,"Canoeing","2","0","1","1","2","1.00"
"Spain",1980,"Hockey","1","0","1","0","1","1.00"
"Spain",1980,"Swimming","1","0","0","1","1","1.00"
"Spain",1984,"Athletics","1","0","0","1","1","1.00"
"Spain",1984,"Basketball","1","0","1","0","1","1.00"
"Spain",1984,"Canoeing","1","0","0","1","1","1.00"
"Spain",1984,"Rowing","1","0","1","0","1","1.00"
"Spain",1988,"Shooting","1","0","0","1","1","1.00"
"Spain",1988,"Swimming","1","0","0","1","1","1.00"
"Spain",1988,"Tennis","1","0","1","0","1","1.00"
"Spain",1992,"Boxing","1","0","1","0","1","1.00"
"Spain",1992,"Rhythmic Gymnastics","1","0","1","0","1","1.00"
"Spain",1992,"Tennis","3","0","2","1","3","1.00"
"Spain",1992,"Water Polo","1","0","1","0","1","1.00"
"Spain",1996,"Athletics","2","0","1","1","2","1.00"
"Spain",1996,"Boxing","1","0","0","1","1","1.00"
"Spain",1996,"Handball","1","0","0","1","1","1.00"
"Spain",1996,"Hockey","1","0","1","0","1","1.00"
"Spain",1996,"Judo","3","0","1","2","3","1.00"
"Spain",1996,"Tennis","3","0","2","1","3","1.00"
"Spain",2000,"Athletics","1","0","0","1","1","1.00"
"Spain",2000,"Boxing","1","0","1","0","1","1.00"
"Spain",2000,"Football","1","0","1","0","1","1.00"
"Spain",2000,"Handball","1","0","0","1","1","1.00"
"Spain",2000,"Swimming","1","0","0","1","1","1.00"
"Spain",2000,"Taekwondo","1","0","1","0","1","1.00"
"Spain",2000,"Tennis","1","0","0","1","1","1.00"
"Spain",2004,"Athletics","3","0","1","2","3","1.00"
"Spain",2004,"Beach Volleyball","1","0","1","0","1","1.00"
"Spain",2004,"Cycling","5","0","3","2","5","1.00"
"Spain",2004,"Equestrianism","2","0","1","1","2","1.00"
"Spain",2004,"Shooting","1","0","1","0","1","1.00"
"Spain",2004,"Tennis","1","0","1","0","1","1.00"
"Spain",2008,"Basketball","1","0","1","0","1","1.00"
"Spain",2008,"Fencing","1","0","0","1","1","1.00"
"Spain",2008,"Gymnastics","1","0","1","0","1","1.00"
"Spain",2008,"Handball","1","0","0","1","1","1.00"
"Spain",2008,"Hockey","1","0","1","0","1","1.00"
"Spain",2008,"Synchronized Swimming","2","0","2","0","2","1.00"
"Spain",2012,"Basketball","1","0","1","0","1","1.00"
"Spain",2012,"Canoeing","3","0","2","1","3","1.00"
"Spain",2012,"Handball","1","0","0","1","1","1.00"
"Spain",2012,"Swimming","2","0","2","0","2","1.00"
"Spain",2012,"Synchronized Swimming","2","0","1","1","2","1.00"
"Spain",2012,"Triathlon","1","0","1","0","1","1.00"
"Spain",2012,"Water Polo","1","0","1","0","1","1.00"
"Spain",2012,"Wrestling","1","0","0","1","1","1.00"
"Spain",2016,"Basketball","2","0","1","1","2","1.00"
"Spain",2016,"Cycling","1","0","0","1","1","1.00"
"Spain",2016,"Rhythmic Gymnastics","1","0","1","0","1","1.00"
"Spain",2016,"Taekwondo","2","0","1","1","2","1.00"
"Spain",2016,"Weightlifting","1","0","0","1","1","1.00"
"Sri Lanka",1948,"Athletics","1","0","1","0","1","1.00"
"Sri Lanka",2000,"Athletics","1","0","1","0","1","1.00"
"Sudan",2008,"Athletics","1","0","1","0","1","1.00"
"Suriname",1992,"Swimming","1","0","0","1","1","1.00"
"Sweden",1908,"Sailing","1","0","1","0","1","1.00"
"Sweden",1908,"Swimming","2","0","0","2","2","1.00"
"Sweden",1908,"Tennis","2","0","0","2","2","1.00"
"Sweden",1908,"Water Polo","1","0","0","1","1","1.00"
"Sweden",1912,"Rowing","1","0","1","0","1","1.00"
"Sweden",1912,"Swimming","1","0","1","0","1","1.00"
"Sweden",1912,"Tennis","3","0","2","1","3","1.00"
"Sweden",1912,"Water Polo","1","0","1","0","1","1.00"
"Sweden",1920,"Water Polo","1","0","0","1","1","1.00"
"Sweden",1920,"Weightlifting","2","0","0","2","2","1.00"
"Sweden",1924,"Athletics","5","0","3","2","5","1.00"
"Sweden",1924,"Cycling","1","0","0","1","1","1.00"
"Sweden",1924,"Diving","2","0","1","1","2","1.00"
"Sweden",1924,"Fencing","1","0","0","1","1","1.00"
"Sweden",1924,"Football","1","0","0","1","1","1.00"
"Sweden",1924,"Shooting","4","0","2","2","4","1.00"
"Sweden",1924,"Swimming","4","0","2","2","4","1.00"
"Sweden",1928,"Boxing","2","0","1","1","2","1.00"
"Sweden",1928,"Cycling","2","0","0","2","2","1.00"
"Sweden",1928,"Diving","1","0","0","1","1","1.00"
"Sweden",1928,"Equestrianism","3","0","1","2","3","1.00"
"Sweden",1932,"Athletics","1","0","1","0","1","1.00"
"Sweden",1932,"Boxing","2","0","1","1","2","1.00"
"Sweden",1932,"Cycling","2","0","0","2","2","1.00"
"Sweden",1932,"Equestrianism","3","0","1","2","3","1.00"
"Sweden",1936,"Art Competitions","1","0","0","1","1","1.00"
"Sweden",1936,"Athletics","2","0","0","2","2","1.00"
"Sweden",1936,"Boxing","1","0","0","1","1","1.00"
"Sweden",1936,"Equestrianism","1","0","0","1","1","1.00"
"Sweden",1936,"Fencing","1","0","1","0","1","1.00"
"Sweden",1936,"Sailing","2","0","1","1","2","1.00"
"Sweden",1948,"Boxing","1","0","1","0","1","1.00"
"Sweden",1948,"Equestrianism","3","0","1","2","3","1.00"
"Sweden",1948,"Fencing","1","0","0","1","1","1.00"
"Sweden",1948,"Sailing","2","0","1","1","2","1.00"
"Sweden",1948,"Shooting","3","0","0","3","3","1.00"
"Sweden",1948,"Weightlifting","1","0","0","1","1","1.00"
"Sweden",1952,"Boxing","2","0","1","1","2","1.00"
"Sweden",1952,"Fencing","1","0","1","0","1","1.00"
"Sweden",1952,"Football","1","0","0","1","1","1.00"
"Sweden",1952,"Sailing","3","0","1","2","3","1.00"
"Sweden",1952,"Shooting","2","0","2","1","3","1.50"
"Sweden",1952,"Swimming","2","0","0","2","2","1.00"
"Sweden",1956,"Athletics","1","0","0","1","1","1.00"
"Sweden",1956,"Gymnastics","3","0","2","1","3","1.00"
"Sweden",1956,"Rowing","1","0","1","0","1","1.00"
"Sweden",1956,"Shooting","2","0","1","1","2","1.00"
"Sweden",1956,"Wrestling","4","0","1","3","4","1.00"
"Sweden",1960,"Athletics","1","0","1","0","1","1.00"
"Sweden",1960,"Swimming","1","0","1","0","1","1.00"
"Sweden",1960,"Wrestling","2","0","0","2","2","1.00"
"Sweden",1964,"Athletics","1","0","0","1","1","1.00"
"Sweden",1964,"Cycling","1","0","0","1","1","1.00"
"Sweden",1964,"Sailing","2","0","1","1","2","1.00"
"Sweden",1964,"Wrestling","2","0","1","1","2","1.00"
"Sweden",1968,"Cycling","2","0","1","1","2","1.00"
"Sweden",1972,"Archery","1","0","1","0","1","1.00"
"Sweden",1972,"Athletics","1","0","0","1","1","1.00"
"Sweden",1972,"Boxing","1","0","0","1","1","1.00"
"Sweden",1972,"Canoeing","1","0","1","0","1","1.00"
"Sweden",1972,"Equestrianism","2","0","0","2","2","1.00"
"Sweden",1972,"Sailing","2","0","2","0","2","1.00"
"Sweden",1972,"Weightlifting","1","0","0","1","1","1.00"
"Sweden",1972,"Wrestling","2","0","1","1","2","1.00"
"Sweden",1976,"Diving","1","0","1","0","1","1.00"
"Sweden",1980,"Modern Pentathlon","1","0","0","1","1","1.00"
"Sweden",1980,"Sailing","1","0","0","1","1","1.00"
"Sweden",1980,"Shooting","2","0","1","1","2","1.00"
"Sweden",1980,"Wrestling","2","0","0","2","2","1.00"
"Sweden",1984,"Athletics","3","0","2","1","3","1.00"
"Sweden",1984,"Equestrianism","1","0","0","1","1","1.00"
"Sweden",1984,"Fencing","1","0","1","0","1","1.00"
"Sweden",1984,"Modern Pentathlon","1","0","1","0","1","1.00"
"Sweden",1984,"Shooting","1","0","1","0","1","1.00"
"Sweden",1984,"Swimming","2","0","0","2","2","1.00"
"Sweden",1984,"Wrestling","4","0","2","2","4","1.00"
"Sweden",1988,"Athletics","1","0","0","1","1","1.00"
"Sweden",1988,"Boxing","2","0","1","1","2","1.00"
"Sweden",1988,"Cycling","1","0","0","1","1","1.00"
"Sweden",1988,"Sailing","1","0","1","0","1","1.00"
"Sweden",1988,"Shooting","1","0","1","0","1","1.00"
"Sweden",1988,"Swimming","1","0","1","0","1","1.00"
"Sweden",1988,"Table Tennis","1","0","0","1","1","1.00"
"Sweden",1988,"Tennis","2","0","0","2","2","1.00"
"Sweden",1988,"Wrestling","1","0","0","1","1","1.00"
"Sweden",1992,"Athletics","1","0","1","0","1","1.00"
"Sweden",1992,"Canoeing","3","0","2","1","3","1.00"
"Sweden",1992,"Handball","1","0","1","0","1","1.00"
"Sweden",1992,"Shooting","1","0","0","1","1","1.00"
"Sweden",1992,"Swimming","3","0","2","1","3","1.00"
"Sweden",1992,"Wrestling","2","0","1","1","2","1.00"
"Sweden",1996,"Archery","1","0","1","0","1","1.00"
"Sweden",1996,"Handball","1","0","1","0","1","1.00"
"Sweden",1996,"Sailing","1","0","1","0","1","1.00"
"Sweden",1996,"Swimming","1","0","1","0","1","1.00"
"Sweden",1996,"Wrestling","1","0","0","1","1","1.00"
"Sweden",2000,"Athletics","1","0","0","1","1","1.00"
"Sweden",2000,"Canoeing","1","0","1","0","1","1.00"
"Sweden",2000,"Handball","1","0","1","0","1","1.00"
"Sweden",2000,"Sailing","1","0","0","1","1","1.00"
"Sweden",2000,"Table Tennis","1","0","1","0","1","1.00"
"Sweden",2004,"Equestrianism","1","0","1","0","1","1.00"
